rxn_id	flux	name	equation	gpr
H2Otm_c0	-18.893587753966806	TRANS-RXNBWI-115401.ce.maizeexp.OH_OH_m0	H2O <=> H2O	
rxn09121_c0	18.63310979885836	phosphate transport cytosol/mito	Phosphate <=> Phosphate	
rxn08173_m0	16.363351076530165	F(1)-ATPase	ADP + Phosphate + 4 H+ --> H2O + ATP + 3 H+	gene_7697 or gene_10240 or gene_10935 or gene_9272 or gene_5353 or gene_8123 or gene_2000 or gene_7687 or gene_11334 or gene_6907 or gene_12165 or gene_1565 or gene_3187 or gene_7693 or gene_9147 or gene_1242 or gene_4039 or gene_7471 or gene_9647 or gene_7078 or gene_1773 or gene_3458 or gene_13011 or gene_7453 or gene_443 or gene_4385 or gene_10617 or gene_1262 or gene_3899 or gene_808 or gene_6532
rxn09780_c0	16.285543900878213	ADP/ATP transporter, mitochondrial_c0	ATP + ADP + H+ <=> ATP + ADP + H+	gene_12891
EX_cpd00007_e0	-8.241888912505981	Exchange for O2	O2 <=> 	
rxn05468_c0	8.241888912505981	TRANS-RXNAVI-26568.ce_c0	O2 <=> O2	
frxn35348_m0	7.5032172894658204	ubiquinol-cytochrome c oxidoreductase Complex III	2 H+ + 2 Cytochrome c3+ + Ubiquinol-6 --> 4 H+ + 2 Cytochrome c2+ + Ubiquinone-6	gene_5298 or gene_9484 or gene_10373 or gene_8583 or gene_4339 or gene_12242
H2Otp_c0	7.478723264824211	TRANS-RXNBWI-115401.ce.maizeexp.OH_OH_x0	H2O <=> H2O_x0	
rxn00248_m0	7.167311640703421	(S)-malate:NAD+ oxidoreductase	NAD + L-Malate <=> NADH + Oxaloacetate + H+	gene_10386 or gene_2140 or gene_1284 or gene_4455
tx_h_xc	-6.758747038922407	H+ peroxisomal equilibration	H+ <=> H+_x0	
rxn05319_c0	-5.990047018236911	TRANS-RXNBWI-115401.ce.maizeexp.OH_OH_c0	H2O <=> H2O	
EX_cpd00001_e0	5.990047018236911	Exchange for H2O	H2O <=> 	
frxn13726_m0	5.063021512160504	NADH dehydrogenase-Complex-I (ubiquinone-6)	NADH + 5 H+ + Ubiquinone-6 --> NAD + 4 H+ + Ubiquinol-6	gene_2528 or gene_1095 or gene_7993 or gene_11913 or gene_910 or gene_10116 or gene_12112 or gene_10187 or gene_9415 or gene_5161 or gene_7271 or gene_8921 or gene_1739 or gene_658 or gene_2602 or gene_1389 or gene_8874 or gene_8546 or gene_9714 or gene_3875 or gene_5629 or gene_6133 or gene_5834
tx_nadh_xc	-5.039833581312611	NADH peroxisomal equilibration	NADH <=> NADH_x0	
rxn13406_c0	5.039833581312611	oxidized thioredoxin peroxisomal transport via diffusion_x0	trdox <=> trdox_x0	
rxn13407_c0	-5.039833581312611	reduced thioredoxin peroxisomal transport via diffusion_x0	trdrd <=> trdrd_x0	
rxn09296_x0	-5.039833581312611	hydrogen peroxide reductase (thioredoxin)_x0	H2O2_x0 + trdrd_x0 <=> 2 H2O_x0 + trdox_x0	gene_47 or gene_9939
rxn00006_x0	5.039833581312611	hydrogen-peroxide:hydrogen-peroxide oxidoreductase_x0	2 H2O2_x0 --> 2 H2O_x0 + O2_x0	gene_12385 or gene_11200
tx_nad_xc	5.03983358131261	NAD peroxisomal equilibration	NAD <=> NAD_x0	
rxn09296_c0	5.02915461198701	hydrogen peroxide reductase (thioredoxin)_c0	H2O2 + trdrd --> 2 H2O + trdox	gene_47
rxn09779_c0	-4.789030884310789	Tricarboxylate transport protein_c0	L-Malate + Citrate <=> L-Malate + Citrate	gene_4406
rxn00973_c0	4.789030884310789	citrate hydroxymutase	Citrate <=> Isocitrate	gene_8740 or gene_1061 or gene_2525 or gene_11562 or gene_2729 or gene_937 or gene_2402 or gene_3048 or gene_3224 or gene_10853 or gene_1325 or gene_8029
rxn00184_c0	-4.131140841224513	L-Glutamate:NADP+ oxidoreductase (deaminating)_c0	H2O + NADP + L-Glutamate <-- NADPH + NH3 + 2-Oxoglutarate + H+	gene_6359 or gene_5380
EX_cpd00011_e0	3.937774774040645	Exchange for CO2	CO2 <=> 	
rxn05467_c0	-3.937774774040645	CO2 transporter via diffusion_c0	CO2 <=> CO2	
O2tm_c0	3.7517112175439373	TRANS-RXNAVI-26568.ce_m0	O2 <=> O2	
rxn35347_m0	3.751608644732911	cytochrome c oxidase Complex IV	O2 + 8 H+ + 4 Cytochrome c2+ --> 2 H2O + 4 H+ + 4 Cytochrome c3+	gene_8032 or gene_8058
rxn00527_c0	-3.432467278625743	tyrosine transaminase, irreversible (mitochondrial)	2-Oxoglutarate + L-Tyrosine_c0 <=> L-Glutamate + p-hydroxyphenylpyruvate_c0	gene_12910 or gene_8831 or gene_11623 or gene_11255
rxn00522_c0	3.4207283902528838	L-Tyrosine:oxygen oxidoreductase (deaminating)	H2O + O2 + L-Tyrosine_c0 --> NH3 + H2O2 + p-hydroxyphenylpyruvate_c0	
rxn01726_x0	3.320920123702812	Acetyl-CoA:carnitine O-acetyltransferase_x0	Acetyl-CoA_x0 + Carnitine_x0 <=> CoA_x0 + O-Acetylcarnitine_x0	gene_8338
CRNCARtp_c0	3.320920123702812	Transport of L-carnitine and O-acyl-L-carnitine_x0	Carnitine_c0 + O-Acetylcarnitine_x0 --> Carnitine_x0 + O-Acetylcarnitine_c0	
rxn09774_c0	2.561505221810859	Transport of L-carnitine and O-acyl-L-carnitine_m0	Carnitine_m0 + O-Acetylcarnitine_c0 --> Carnitine_c0 + O-Acetylcarnitine_m0	gene_4744
rxn01726_m0	2.561505221810858	Acetyl-CoA:carnitine O-acetyltransferase_m0	CoA + O-Acetylcarnitine_m0 <=> Acetyl-CoA + Carnitine_m0	gene_8338 or gene_12234
rxn19316_m0	2.5584508314381154	CustomReaction_m0	H2O + Acetyl-CoA + Oxaloacetate --> CoA + H+ + Citrate	gene_4823 or gene_954 or gene_8677 or gene_2727
rxn00336_c0	2.440514892717392	isocitrate glyoxylate-lyase (succinate-forming)_c0	Isocitrate --> Succinate + Glyoxalate	gene_7509 or gene_8576 or gene_10190 or gene_3638 or gene_180 or gene_5089 or gene_11213
rxn09713_c0	2.440514892717392	Mitochondrial dicarboxylate transporter_m0	Phosphate + Succinate --> Phosphate + Succinate	gene_1614
rxn30674_m0	2.440150189389304	Fumarase_m0	H2O + Fumarate <=> L-Malate	gene_4086 or gene_9437
rxn09417_m0	2.4401501893893034	Succinic dehydrogenase_m0	Succinate + Ubiquinone-6 <=> Fumarate + Ubiquinol-6	gene_10255
rxn20162_x0	2.4388896835115985	malate synthase_x0	H2O_x0 + Acetyl-CoA_x0 + Glyoxalate --> CoA_x0 + H+_x0 + L-Malate_x0	gene_5781
rxn09836_c0	2.438889683511598	malate/oxaloacetate shuttle_x0	Oxaloacetate + L-Malate_x0 <=> Oxaloacetate + L-Malate	
rxn00248_c0	-2.438889683511598	S)-malate:NAD+ oxidoreductase	NAD + L-Malate <=> NADH + Oxaloacetate + H+	gene_10386 or gene_1284
rxn09733_c0	-2.3859395262824963	Mitochondrial oxaloacetate transport protein_c0	Oxaloacetate + H+ <=> Oxaloacetate + H+	gene_11652 or gene_7618 or gene_11408 or gene_4152 or gene_2219 or gene_1181 or gene_1637 or gene_12376 or gene_1228 or gene_11087
rxn00198_c0	2.3485159915933975	Isocitrate:NADP+ oxidoreductase (decarboxylating)	NADP + Isocitrate <=> NADPH + CO2 + 2-Oxoglutarate	gene_11358
rxn08633_c0	2.281513152036079	L-glutamate transport via diffusion (extracellular to periplasm)_m0	L-Glutamate --> L-Glutamate	gene_6768 or gene_10093
rxn00973_m0	-2.230580052872675	citrate hydroxymutase_m0	Citrate <=> Isocitrate	gene_11562 or gene_1061 or gene_2525 or gene_8740 or gene_2402 or gene_937 or gene_1325 or gene_8029 or gene_3048 or gene_2729 or gene_10853 or gene_3224
rxn00260_m0	-2.2229212829828096	L-Aspartate:2-oxoglutarate aminotransferase	2-Oxoglutarate + L-Aspartate <=> L-Glutamate + Oxaloacetate	gene_10110 or gene_378 or gene_11255 or gene_8831
rxn05217_c0	-2.2229212829828096	TRANS-RXNBWI-115637.ce.maizeexp.L-ASPARTATE_L-ASPARTATE_m0	L-Aspartate + H+ <=> L-Aspartate + H+	
rxn00505_m0	-2.1368854884908552	Isocitrate:NAD+ oxidoreductase (decarboxylating)	NAD + Isocitrate <=> NADH + CO2 + 2-Oxoglutarate	gene_11629 or gene_11776 or gene_8372
rxn00260_c0	2.066014514259988	L-Aspartate:2-oxoglutarate aminotransferase_c0	2-Oxoglutarate + L-Aspartate <=> L-Glutamate + Oxaloacetate	gene_8831
rxn00247_c0	2.0130643570308875		ATP + Oxaloacetate --> ADP + CO2 + Phosphoenolpyruvate	gene_6589 or gene_10907 or gene_2480 or gene_9217
rxn00459_c0	-1.94889936524526	2-phospho-D-glycerate hydro-lyase (phosphoenolpyruvate-forming)_c0	2-Phospho-D-glycerate <=> H2O + Phosphoenolpyruvate	gene_5039 or gene_7580
rxn01106_c0	1.9488993652452598	2-Phospho-D-glycerate 2,3-phosphomutase_c0	2-Phospho-D-glycerate <=> 3-Phosphoglycerate	gene_12325 or gene_10855
CO2tm_c0	1.911362067983929	CO2 transporter via diffusion_m0	CO2 <=> CO2	
rxn00001_c0	1.9034681576954429	diphosphate phosphohydrolase_c0	H2O + PPi --> 2 Phosphate + H+	gene_4271 or gene_12967
rxn00781_c0	-1.7386433378104476	D-glyceraldehyde-3-phosphate:NAD+ oxidoreductase (phosphorylating)_c0	NAD + Phosphate + Glyceraldehyde3-phosphate <=> NADH + H+ + 1,3-Bisphospho-D-glycerate	gene_11328
rxn01100_c0	1.7386433378104473	ATP:3-phospho-D-glycerate 1-phosphotransferase_c0	ATP + 3-Phosphoglycerate <=> ADP + 1,3-Bisphospho-D-glycerate	gene_8456 or gene_9532
rxn00558_c0	-1.6989248659857694	D-glucose-6-phosphate aldose-ketose-isomerase_c0	D-glucose-6-phosphate <=> D-fructose-6-phosphate	gene_83 or gene_8161
rxn01115_c0	1.321639273077882		NADP + 6-Phospho-D-gluconate --> NADPH + CO2 + D-Ribulose5-phosphate	gene_12740 or gene_342 or gene_4358
rxn00604_r0	1.3216392730778819	D-glucose-6-phosphate:NADP+ 1-oxidoreductase_r0	NADP_r0 + D-glucose-6-phosphate_r0 --> NADPH_r0 + H+_r0 + 6-phospho-D-glucono-1-5-lactone_r0	
rxn09648_c0	-1.3216392730778819	6-phospho-D-glucono-1,5-lactone endoplasmic reticular transport via diffusion_g0	6-phospho-D-glucono-1-5-lactone <=> 6-phospho-D-glucono-1-5-lactone_r0	
rxn08570_c0	1.3216392730778819	glucose 6-phosphate transport via diffusion (extracellular to periplasm)_g0	D-glucose-6-phosphate <=> D-glucose-6-phosphate_r0	
rxn01476_c0	1.3216392730778819	6-Phospho-D-glucono-1,5-lactone lactonohydrolase_c0	H2O + 6-phospho-D-glucono-1-5-lactone --> H+ + 6-Phospho-D-gluconate	gene_4365 or gene_4017 or gene_12627
rxn00097_c0	1.1302788669807358	ATP:AMP phosphotransferase_c0	ATP + AMP <=> 2 ADP	gene_2414 or gene_10931 or gene_7383 or gene_2710 or gene_3711 or gene_8746 or gene_1190
rxn00747_c0	1.0775387767964344	D-glyceraldehyde-3-phosphate aldose-ketose-isomerase_c0	Glyceraldehyde3-phosphate <=> Glycerone-phosphate	gene_6374 or gene_5786
rxn00549_c0	1.0706550014787575	D-Fructose-1,6-bisphosphate 1-phosphohydrolase_c0	H2O + D-fructose-1,6-bisphosphate --> Phosphate + D-fructose-6-phosphate	gene_6205
rxn00786_c0	-1.0706550014787575	D-fructose-1,6-bisphosphate D-glyceraldehyde-3-phosphate-lyase (glycerone-phosphate-forming)_c0	D-fructose-1,6-bisphosphate <=> Glycerone-phosphate + Glyceraldehyde3-phosphate	gene_12807 or gene_6755
rxn30381_c0	-1.0567444187569264	sn-Glycerol-3-phosphate:NAD+ 2-oxidoreductase_c0	NAD + Glycerol-3-phosphate <-- NADH + H+ + Glycerone-phosphate	gene_9499 or gene_7012
rxn00764_c0	1.0499062313552612	glycerol:NADP+ 2-oxidoreductase (glycerone-forming)_c0	NADP + Glycerol_c0 --> NADPH + H+ + Glycerone_c0	gene_2865 or gene_6709 or gene_1922
rxn00610_c0	1.0499062313552612	sn-glycerol-3-phosphate phosphohydrolase_c0	H2O + Glycerol-3-phosphate --> Phosphate + Glycerol_c0	gene_2606
rxn00744_c0	1.0499062313552612	ATP:glycerone phosphotransferase_c0	ATP + Glycerone_c0 --> ADP + H+ + Glycerone-phosphate	gene_699 or gene_2665
HDCAt_c0	1.0000000000000009	Hexadecanoate transport via facilitated irreversible diffusion (extracellular to periplasm)_c0	Palmitate_e0 --> Palmitate_c0	
EX_cpd00214_e0	-1.0	Exchange for Palmitate_e0	Palmitate_e0 <=> 	
rxn01116_c0	0.8447098927487253	D-Ribulose-5-phosphate 3-epimerase_c0	D-Ribulose5-phosphate <=> D-Xylulose5-phosphate	gene_1379 or gene_377
rxn05466_c0	0.8048728923424384	TRANS-RXN-173.ce_c0	NH3_e0 <=> NH3	gene_9895 or gene_11345
EX_cpd00013_e0	-0.8048728923424384	Exchange for NH3_e0	NH3_e0 <=> 	
rxn01726_c0	-0.7594149018919533	Acetyl-CoA:carnitine O-acetyltransferase_c0	Acetyl-CoA + Carnitine_c0 <=> CoA + O-Acetylcarnitine_c0	gene_12234 or gene_8338
rxn00947_x0	0.7199762259018017	Palmitate:CoA ligase (AMP-forming)_x0	ATP_x0 + CoA_x0 + Palmitate_x0 <=> PPi_x0 + AMP_x0 + Palmitoyl-CoA_x0	gene_8106
tx_ppi_xc	0.7199762259018017	PPi peroxisomal export	PPi_x0 <=> PPi	
rxn08704_c0	0.7199762259018017	Hexadecanoate transport via facilitated irreversible diffusion (extracellular to periplasm)_x0	Palmitate_c0 --> Palmitate_x0	
rxn20478_x0	-0.7199762259018015	3-hydroxyacyl-CoA dehydrogenase (3-oxodecanoyl-CoA), peroxisomal_x0	NADH_x0 + H+_x0 + 3-Oxododecanoyl-CoA_x0 <-- NAD_x0 + (S)-3-Hydroxydodecanoyl-CoA_x0	gene_2331 or gene_7220
rxn02804_x0	-0.7199762259018015	 myristoyl-CoA:acetylCoA C-myristoyltransferase	Acetyl-CoA_x0 + Myristoyl-CoA_x0 <-- CoA_x0 + 3-Oxopalmitoyl-CoA_x0	gene_4118 or gene_1935 or gene_434 or gene_5400 or gene_9875 or gene_4395
rxn06510_x0	-0.7199762259018015	Lauroyl-CoA:acetyl-CoA C-acyltransferase (C14->C12)_x0	Acetyl-CoA_x0 + Lauroyl-CoA_x0 <-- CoA_x0 + 3-Oxotetradecanoyl-CoA_x0	gene_4118 or gene_1935 or gene_5400
rxn09476_x0	0.7199762259018015	acyl-CoA oxidase_x0	O2_x0 + Palmitoyl-CoA_x0 --> H2O2_x0 + (2E)-Hexadecenoyl-CoA_x0	gene_1810
rxn20480_x0	-0.7199762259018015	3-hydroxyacyl-CoA dehydrogenase (3-oxodecanoyl-CoA), peroxisomal_x0	NADH_x0 + H+_x0 + 3-Oxodecanoyl-CoA_x0 <-- NAD_x0 + (S)-Hydroxydecanoyl-CoA_x0	gene_2331 or gene_7220
rxn03241_x0	-0.7199762259018015	(S)-3-Hydroxytetradecanoyl-CoA hydro-lyase_x0	(S)-3-Hydroxytetradecanoyl-CoA_x0 <-- H2O_x0 + (2E)-Tetradecenoyl-CoA_x0	gene_2331 or gene_7999 or gene_2093
rxn03243_x0	-0.7199762259018015	Decanoyl-CoA:acetyl-CoA C-acyltransferase (C12->C10)_x0	Acetyl-CoA_x0 + Decanoyl-CoA_x0 <-- CoA_x0 + 3-Oxododecanoyl-CoA_x0	gene_4118 or gene_1935 or gene_5400
rxn20474_x0	-0.7199762259018015	3-hydroxyacyl-CoA dehydrogenase (3-oxohexadecanoyl-CoA), peroxisomal_x0	NADH_x0 + H+_x0 + 3-Oxopalmitoyl-CoA_x0 <-- NAD_x0 + (S)-3-Hydroxyhexadecanoyl-CoA_x0	gene_2331 or gene_7220
rxn09479_x0	0.7199762259018015	acyl-CoA oxidase_x0	O2_x0 + Decanoyl-CoA_x0 --> H2O2_x0 + (2E)-Decenoyl-CoA_x0	gene_1810
rxn02911_x0	-0.7199762259018015	(S)-3-Hydroxydodecanoyl-CoA hydro-lyase_x0	(S)-3-Hydroxydodecanoyl-CoA_x0 <-- H2O_x0 + (2E)-Dodecenoyl-CoA_x0	gene_2331 or gene_7999 or gene_2093
rxn30390_x0	-0.7199762259018015	3-Hydroxyacyl-CoA dehydrogenase (3-oxotetradecanoyl-CoA), peroxisomal_x0	NADH_x0 + H+_x0 + 3-Oxotetradecanoyl-CoA_x0 <-- NAD_x0 + (S)-3-Hydroxytetradecanoyl-CoA_x0	gene_2331 or gene_7220
rxn03245_x0	-0.7199762259018015	(S)-Hydroxydecanoyl-CoA hydro-lyase_x0	(S)-Hydroxydecanoyl-CoA_x0 <-- H2O_x0 + (2E)-Decenoyl-CoA_x0	gene_2331 or gene_7999 or gene_2093
rxn09477_x0	0.7199762259018015	acyl-CoA oxidase_x0	O2_x0 + Myristoyl-CoA_x0 --> H2O2_x0 + (2E)-Tetradecenoyl-CoA_x0	gene_1810
rxn09864_c0	0.7199762259018015	AMP/ATP transporter, peroxisomal_x0	ATP + AMP_x0 + H+_x0 --> ATP_x0 + AMP + H+	gene_12199
rxn02680_x0	-0.7199762259018015	Octanoyl-CoA:acetyl-CoA C-acyltransferase (C10->C8)_x0	Acetyl-CoA_x0 + Octanoyl-CoA_x0 <-- CoA_x0 + 3-Oxodecanoyl-CoA_x0	gene_4118 or gene_1935 or gene_5400
rxn03240_x0	-0.7199762259018015	(S)-3-Hydroxyhexadecanoyl-CoA hydro-lyase_x0	(S)-3-Hydroxyhexadecanoyl-CoA_x0 <-- H2O_x0 + (2E)-Hexadecenoyl-CoA_x0	gene_2331 or gene_7999 or gene_2093
rxn09478_x0	0.7199762259018014	acyl-CoA oxidase_x0	O2_x0 + Lauroyl-CoA_x0 --> H2O2_x0 + (2E)-Dodecenoyl-CoA_x0	gene_1810
rxn09462_x0	0.7199762259018014	fatty acid oxidation (octanoyl-CoA), peroxisomal_x0	3 H2O_x0 + 3 NAD_x0 + 3 O2_x0 + 3 CoA_x0 + Octanoyl-CoA_x0 --> 3 NADH_x0 + 4 Acetyl-CoA_x0 + 3 H2O2_x0 + 3 H+_x0	gene_2331 or gene_1935 or gene_1810 or gene_7999 or gene_128 or gene_2093 or gene_6597 or gene_7220 or gene_5400 or gene_4956
rxn00102_c0	-0.7145222016000198	carbonate hydro-lyase (carbon-dioxide-forming)[c0]	H+ + H2CO3 <=> H2O + CO2	gene_10957 or gene_1132 or gene_9399 or gene_935
rxn00533_c0	0.6836021975654895	Acetyl-CoA:carbon-dioxide ligase (ADP-forming)_c0	ATP + Acetyl-CoA + H2CO3 <=> ADP + Phosphate + H+ + Malonyl-CoA_c0	gene_10589
TRP_coa_c0r0	-0.6607170637279162	CoA c0↔r0 transport (diffusion)	CoA <=> CoA_r0	
rxn09566_c0	0.5319289906733494	pyridoxal oxidase_c0	2 H2O + 0.5 O2 + NH3 + Pyridoxal_c0 <=> 2 H2O2 + PM_c0	gene_166
rxn01251_c0	0.5319289906733494	 Pyridoxamine:oxygen oxidoreductase (deaminating)	H2O + O2 + PM_c0 --> NH3 + H2O2 + Pyridoxal_c0	gene_166
H2Oter_c0	-0.5269735151303432	TRANS-RXNBWI-115401.ce.maizeexp.OH_OH_g0	H2O <=> H2O_r0	
TRP_malcoa_c0r0	0.526779766487296	Malonyl-CoA transport c0→r0	Malonyl-CoA_c0 <=> Malonyl-CoA_r0	
TRP_co2_c0r0	-0.5267797664872959	CO2 c0↔r0 transport (diffusion)	CO2 <=> CO2_r0	
rxn15114_c0	-0.4768609984551402	D-ribose-5-phosphate aldose-ketose-isomerase_c0	alpha-D-Ribose 5-phosphate <=> D-Ribulose5-phosphate	gene_12409
rxn01333_c0	0.43839619432076943	sedoheptulose-7-phosphate:D-glyceraldehyde-3-phosphate glyceronetransferase_c0	Glyceraldehyde3-phosphate + Sedoheptulose7-phosphate <=> D-fructose-6-phosphate + D-Erythrose4-phosphate	gene_2227 or gene_90 or gene_5138 or gene_11682 or gene_1776
rxn34273_c0	0.43839619432076943	Sedoheptulose-7-phosphate:D-glyceraldehyde-3-phosphate glycolaldehyde transferase_c0	D-Xylulose5-phosphate + alpha-D-Ribose 5-phosphate <=> Glyceraldehyde3-phosphate + Sedoheptulose7-phosphate	gene_9804 or gene_6121 or gene_4126
rxn00785_c0	-0.4063136984279558	D-Fructose 6-phosphate:D-glyceraldehyde-3-phosphate glycolaldehyde transferase_c0	D-fructose-6-phosphate + Glyceraldehyde3-phosphate <=> D-Xylulose5-phosphate + D-Erythrose4-phosphate	gene_1838 or gene_5123 or gene_4126 or gene_9804 or gene_6121 or gene_4882 or gene_9836 or gene_10506
rxn00409_c0	0.4015269672467913	ATP:CDP phosphotransferase_c0	ATP + CDP_c0 <=> ADP + CTP_c0	gene_12313
rxn00364_c0	0.4015269672467913	ATP:CMP phosphotransferase_c0	ATP + CMP_c0 <=> ADP + CDP_c0	gene_10931
EX_cpd00067_e0	-0.32874414978822153	Exchange for H+	H+ <=> 	
rxn05687_c0	0.3287441497882214	Transport of putrescine, extracellular_c0	H+ + Putrescine_e0 <=> H+ + Putrescine_c0	gene_12888 or gene_10460
rxn09216_c0	0.3287441497882213	putrescine transport via diffusion (extracellular to periplasm)_c0	Putrescine_c0 --> Putrescine_e0	gene_11732
rxn00947_c0	0.2751344701060083	Palmitate:CoA ligase (AMP-forming)_c0	ATP + CoA + Palmitate_c0 <=> PPi + AMP + Palmitoyl-CoA_c0	gene_1869 or gene_7011 or gene_8106
TRP_nadph_c0r0	-0.26787459448123996	NADPH c0↔r0 transport (diffusion)	NADPH <=> NADPH_r0	
TRP_nadp_c0r0	0.2678745944812398	NADP c0↔r0 transport (diffusion)	NADP <=> NADP_r0	
rxn09121_m0	-0.2289425142077637	Inorganic phosphate transporter	Phosphate <=> Phosphate	
EX_cpd00009_e0	-0.2289425142077637	Exchange for Phosphate	Phosphate <=> 	
rxn00420_c0	0.21025602743481248	O-phospho-L-serine phosphohydrolase_c0	H2O + phosphoserine_c0 --> Phosphate + L-Serine_c0	gene_9884
rxn02914_c0	0.21025602743481245	3-Phosphoserine:2-oxoglutarate aminotransferase_c0	L-Glutamate + 3-Phosphonooxypyruvate_c0 --> 2-Oxoglutarate + phosphoserine_c0	gene_8144
rxn01101_c0	0.21025602743481242	3-Phospho-D-glycerate:NAD+ 2-oxidoreductase_c0	NAD + 3-Phosphoglycerate --> NADH + H+ + 3-Phosphonooxypyruvate_c0	gene_11370 or gene_9465 or gene_1399 or gene_6795 or gene_9121 or gene_3527
rxn30365_c0	0.206148556202207	CDP-Diacylglycerol synthetase, yeast-specific, mitochondrial_c0	CTP_c0 + H+ + 0.01 Phosphatidate, yeast-specific_c0 <=> PPi + 0.01 cdpdag_BS_c0	gene_12742
rxn00237_c0	0.20393070408826913	ATP:GDP phosphotransferase_c0	ATP + GDP <=> ADP + GTP	gene_11925 or gene_12313
PINOS_SC_c0	0.20272946250137433	Phosphatidylinositol synthase  yeast specific	L-Inositol_c0 + 0.01 cdpdag_BS_c0 --> CMP_c0 + H+ + 0.01 Phosphatidyl 1D myo inositol  yeast specific C4140H7644O1300P100	gene_10850
rxn00881_c0	0.20272946250137433	1D-myo-Inositol 1-phosphate phosphohydrolase_c0	H2O + Inositol 1-phosphate --> Phosphate + L-Inositol_c0	gene_2458 or gene_1753 or gene_5750
rxn00609_c0	-0.20272946250137433	myo-Inositol-1-phosphate synthase_c0	Inositol 1-phosphate <-- D-glucose-6-phosphate	gene_8547 or gene_9231
rxn13384_c0	0.2004500667008192	phospholipase D, yeast-specific_c0	H2O + 0.01 Lecithin_c0 --> H+ + Choline_c0 + 0.01 Phosphatidate, yeast-specific_c0	gene_6154 or gene_6132 or gene_6873
rxn00751_c0	0.20045006670081916	ATP:choline phosphotransferase_c0	ATP + Choline_c0 --> ADP + H+ + Phosphocholine_c0	gene_9170
rxn01380_c0	0.20045006670081916	CTP:choline-phosphate cytidylyltransferase_c0	CTP_c0 + H+ + Phosphocholine_c0 --> PPi + CDPcholine_c0	gene_9244
rxn09552_c0	0.20045006670081914	diacylglycerol cholinephosphotransferase, yeast-specific_c0	CDPcholine_c0 + 0.01 1,2-Diacylglycerol, yeast-specific_c0 --> CMP_c0 + H+ + 0.01 Lecithin_c0	gene_4879 or gene_7353
rxn00161_m0	0.19799971621522275		NADP + L-Malate --> NADPH + CO2 + Pyruvate	gene_6725 or gene_4455 or gene_2140 or gene_8151
rxn32754_c0	0.1879475807347742	D-mannose 6-phosphate 1,6-phosphomutase_c0	D-mannose-6-phosphate <=> D-Mannose1-phosphate	gene_1247 or gene_1839 or gene_10016
rxn00641_c0	0.1879475807347742	GTP:alpha-D-mannose-1-phosphate guanylyltransferase_c0	GTP + H+ + D-Mannose1-phosphate --> PPi + GDP-mannose_c0	gene_3827 or gene_12800 or gene_9209
rxn00559_c0	-0.18794758073477416	D-mannose-6-phosphate aldose-ketose-isomerase_c0	D-mannose-6-phosphate <=> D-fructose-6-phosphate	gene_5224 or gene_8063 or gene_12263 or gene_5676 or gene_9101 or gene_10978 or gene_10142
rxn00117_c0	0.18336599517565827	ATP:UDP phosphotransferase_c0	ATP + UDP <=> ADP + UTP	gene_12313
rxn00704_c0	-0.17188923731986325	alpha-D-Glucose 1-phosphate 1,6-phosphomutase_c0	Glucose-1-phosphate <=> D-glucose-6-phosphate	gene_895
rxn00213_c0	0.17188923731986322	UTP:alpha-D-glucose-1-phosphate uridylyltransferase_c0	UTP + H+ + Glucose-1-phosphate <=> PPi + UDP-glucose	gene_6844 or gene_11318 or gene_743
rxn09739_c0	0.13613028321855172	Mitochondrial dicarboxylate transporter_m0	Phosphate + L-Malate <=> Phosphate + L-Malate	gene_1614
rxn09427_c0	0.13467810087580045	fatty-acyl-CoA synthase (n-C18:0CoA)_c0	2 NADPH + 3 H+ + Malonyl-CoA_c0 + Palmitoyl-CoA_c0 --> H2O + 2 NADP + CoA + CO2 + strcoa_c0	gene_10612 or gene_12865 or gene_313 or gene_10589 or gene_12063
rxn02134_c0	0.13393729724062015	Sphinganine:NADP+ 3-oxidoreductase_c0	NADPH + H+ + 3-Dehydrosphinganine_c0 --> NADP + Sphinganine_c0	gene_11003 or gene_7208
rxn00948_c0	0.13393729724062015	Palmitoyl-CoA:L-serine C-palmitoyltransferase (decarboxylating)_c0	L-Serine_c0 + H+ + Palmitoyl-CoA_c0 --> CoA + CO2 + 3-Dehydrosphinganine_c0	gene_7097 or gene_11973
rxn22099_r0	0.13393729724062015	3-hydroxy-lignoceroyl-CoA dehydratase	(3R)-3-hydroxy-lignoceroyl-CoA_r0 <=> H2O_r0 + (2E)-lignocerenoyl-CoA_r0	gene_7317 or gene_6410
rxn23535_r0	-0.13393729724062012	3-oxo-lignoceronyl-CoA-reductase	NADP_r0 + (3R)-3-hydroxy-lignoceroyl-CoA_r0 <=> NADPH_r0 + H+_r0 + 3-oxo-lignoceroyl-CoA_r0	gene_5506
rxn19044_r0	-0.13393729724062012	trans-docosan-2-enoyl-CoA reductase	NADP_r0 + Behenoyl-CoA_r0 <=> NADPH_r0 + H+_r0 + (2E)-docosenoyl-CoA_r0	gene_9021
rxn22098_r0	0.13393729724062012	trans-arachidon-2-enoyl-CoA reductase	(3R)-3-hydroxy-behenoyl-CoA_r0 <=> H2O_r0 + (2E)-docosenoyl-CoA_r0	gene_7317 or gene_6410
rxn23559_r0	0.13393729724062012	3-oxo-lignoceronyl-CoA-synthase	H+_r0 + Malonyl-CoA_r0 + Behenoyl-CoA_r0 <=> CoA_r0 + CO2_r0 + 3-oxo-lignoceroyl-CoA_r0	gene_3062 or gene_12844 or gene_6755
rxn19045_r0	-0.13393729724062012	trans-lignocero-2-enoyl-CoA reductase	NADP_r0 + tetracosanoyl-CoA  (n-C24:0CoA)_r0 <=> NADPH_r0 + H+_r0 + (2E)-lignocerenoyl-CoA_r0	gene_9021
rxn23565_r0	0.1339372972406201	3-hydroxy-arachidoyl-CoA dehydratase	(3R)-3-hydroxy-arachidoyl-CoA_r0 <=> H2O_r0 + (2E)-arachidoenoyl-CoA_r0	gene_7317 or gene_6410
rxn23554_r0	0.1339372972406201	3-oxo-behenoyl-CoA-synthase	H+_r0 + Malonyl-CoA_r0 + Icosanoyl-CoA_r0 <=> CoA_r0 + CO2_r0 + 3-oxo-behenoyl-CoA_r0	gene_3062 or gene_12844 or gene_6755
rxn23531_r0	-0.1339372972406201	3-oxo-behenoyl-CoA-reductase	NADP_r0 + (3R)-3-hydroxy-behenoyl-CoA_r0 <=> NADPH_r0 + H+_r0 + 3-oxo-behenoyl-CoA_r0	gene_5506
rxn19046_r0	-0.1339372972406201	trans-arachidon-2-enoyl-CoA reductase	NADP_r0 + Icosanoyl-CoA_r0 <=> NADPH_r0 + H+_r0 + (2E)-arachidoenoyl-CoA_r0	gene_9021
rxn23551_r0	0.13393729724062006	3-oxo-arachidonyl-CoA-synthase	H+_r0 + Malonyl-CoA_r0 + strcoa_r0 <=> CoA_r0 + CO2_r0 + 3-oxo-arachidoyl-CoA_r0	gene_3062 or gene_12844 or gene_6755
rxn23534_r0	-0.13393729724062006	3-oxoarachidoyl-CoA-reductase	NADP_r0 + (3R)-3-hydroxy-arachidoyl-CoA_r0 <=> NADPH_r0 + H+_r0 + 3-oxo-arachidoyl-CoA_r0	gene_5506
TRP_strcoa_c0r0	0.13393729724062006	Stearoyl-CoA (C18) transport c0→r0	strcoa_c0 <=> strcoa_r0	
rxn09400_c0	0.12933291772349872	CustomReaction_c0	UDP-glucose --> UDP + H+ + 1,3-beta-Glucan_c0	gene_2303 or gene_10353 or gene_12797 or gene_10344 or gene_8997 or gene_5001 or gene_3539 or gene_2897 or gene_2079 or gene_5561 or gene_3401 or gene_4937 or gene_3298 or gene_7786 or gene_10989 or gene_12844
rxn22100_r0	0.12496787476543568	3-hydroxy-cerotoyl-CoA dehydratase	(3R)-3-hydroxy-cerotoyl-CoA_r0 <=> H2O_r0 + (2E)-cerotenoyl-CoA_r0	gene_7317 or gene_6410
rxn23557_r0	0.12496787476543565	3-oxo-cerotoyl-CoA-synthase	H+_r0 + Malonyl-CoA_r0 + tetracosanoyl-CoA  (n-C24:0CoA)_r0 <=> CoA_r0 + CO2_r0 + 3-oxo-cerotoyl-CoA_r0	gene_3062 or gene_12844 or gene_6755
rxn23536_r0	-0.12496787476543565	3-hydroxy-lignoceroyl-CoA dehydratase	NADP_r0 + (3R)-3-hydroxy-cerotoyl-CoA_r0 <=> NADPH_r0 + H+_r0 + 3-oxo-cerotoyl-CoA_r0	gene_5506
rxn19047_r0	-0.12496787476543565	trans-cerot-2-enoyl-CoA reductase	NADP_r0 + Hexacosanoyl-CoA_r0 <=> NADPH_r0 + H+_r0 + (2E)-cerotenoyl-CoA_r0	gene_9021
rxn04381_c0	0.1219476753297001	Sphinganine, NADPH: oxygen oxidoreductase (4-hydroxylating)_c0	NADPH + O2 + H+ + Sphinganine_c0 --> H2O + NADP + Phytosphingosine_c0	gene_11213 or gene_7028
TRP_phytosphingosine_r0c0	-0.1219476753297001	Phytosphingosine transport r0→c0	Phytosphingosine_r0 <=> Phytosphingosine_c0	
rxn09602_r0	0.12194767532970009	Ceramide-2 synthase (phytosphingosine + C26:0-CoA), ER_r0	Phytosphingosine_r0 + Hexacosanoyl-CoA_r0 --> CoA_r0 + 2 H+_r0 + Ceramide-2 Phytosphingosine:n-C26:0)_r0	gene_9741 or gene_6240
rxn13238_c0	-0.12194767532970009	ceramide-2 (C26) endoplasmic reticular transport_g0	Ceramide-2 Phytosphingosine:n-C26:0)_c0 <=> Ceramide-2 Phytosphingosine:n-C26:0)_r0	
IPCS326_SC_c0	0.11889328495695618	Inositol phosphorylceramide synthase  ceramide 3  26C   yeast specific	Ceramide-3 Phytosphingosine:n-C26:0OH)_c0 + 0.01 Phosphatidyl 1D myo inositol  yeast specific C4140H7644O1300P100 --> 0.01 1,2-Diacylglycerol, yeast-specific_c0 + 0.01 Inositol phosphorylceramide, ceramide-3 (26C), yeast-specific_c0	gene_8702
rxn09600_c0	0.11889328495695617	Ceramide-3 synthase (26C)_c0	NADPH + O2 + H+ + Ceramide-2 Phytosphingosine:n-C26:0)_c0 --> H2O + NADP + Ceramide-3 Phytosphingosine:n-C26:0OH)_c0	gene_31
bio_gsm	0.11396979002775709	biomass [from GSM]	59.276 H2O + 59.276 ATP + 0.0002 NAD + 0.0002 NADP + 0.0002 CoA + 0.0002 FAD_c0 + 0.008 Pyridoxal phosphate_c0 + 0.008 S-Adenosyl-L-methionine_c0 + 0.046 AMP + 0.3018 L-Glutamate + 0.2904 Glycine_c0 + 0.4588 L-Alanine + 0.2862 L-Lysine_c0 + 0.2975 L-Aspartate + 0.0447 CMP_c0 + 0.02 Sulfate_c0 + 0.1607 L-Arginine_c0 + 0.1054 L-Glutamine + 0.1854 L-Serine_c0 + 0.0002 TPP + 0.0507 L-Methionine_c0 + 0.0284 L-Tryptophan_c0 + 0.1339 L-Phenylalanine_c0 + 0.102 L-Tyrosine_c0 + 0.0066 L-Cysteine_c0 + 0.008 Tetrahydrofolate_c0 + 0.0599 UMP_c0 + 0.008 BIOT_c0 + 0.2964 L-Leucine_c0 + 0.0663 L-Histidine_c0 + 0.046 GMP_c0 + 0.1647 L-Proline_c0 + 0.1017 L-Asparagine_c0 + 0.3 Glycogen + 0.2646 L-Valine_c0 + 0.1914 L-Threonine_c0 + 0.00316 dCMP_c0 + 0.0001 Riboflavin_c0 + 0.00284 dAMP_c0 + 0.00316 dGMP_c0 + 0.00284 dTMP_c0 + 0.2 cpd00314_c0 + 0.1927 L-Isoleucine_c0 + 0.008 5-Methyltetrahydrofolate_c0 + 0.0002 Siroheme_c0 + 0.0001 PAN_c0 + 0.0234 TRHL_c0 + 0.0001 Ergosterol_c0 + 0.0015 Zymosterol_c0 + 0.0002 hemeA_m0 + 0.0001 Lecithin_c0 + 0.0001 Triglyceride_c0 + 0.05 Chitin_c0 + 0.8079 Mannan_c0 + 1.1348 1,3-beta-Glucan_c0 + 0.0001 1-Phosphatidyl-myo-inositol_c0 + 0.05 1,3-alpha-D-Glucan_c0 + 0.001 cpd12744_c0 + 0.0001 Episterol_c0 + 0.00334 Inositol phosphorylceramide, ceramide-3 (26C), yeast-specific_c0 + 0.000259 mannose-(inositol-P)2-ceramide, ceramide-1 (24C), yeast-specific_c0 + 0.000265 mannose-(inositol-P)2-ceramide, ceramide-1 (26C), yeast-specific_c0 + 0.000262 mannose-(inositol-P)2-ceramide, ceramide-2 (24C), yeast-specific_c0 + 0.000268 mannose-(inositol-P)2-ceramide, ceramide-2 (26C), yeast-specific_c0 + 0.000266 mannose-(inositol-P)2-ceramide, ceramide-3 (24C), yeast-specific_c0 + 0.004616 mannose-(inositol-P)2-ceramide, ceramide-3 (26C), yeast-specific_c0 + 0.002476 mannose-inositol phosphorylceramide, ceramide-3 (26C)_c0 + 0.0001 Phosphatidate, yeast-specific_c0 + 0.0002 Ubiquinone-6 + 0.0001 ps_BS_c0 + 0.0001 psetha_BS_c0 --> 59.276 ADP + 59.305 Phosphate + 58.70001 H+	
rxn00187_c0	0.1111387804434715		ATP + NH3 + L-Glutamate --> ADP + Phosphate + L-Glutamine + H+	gene_9169 or gene_3137 or gene_4403
rxn00198_m0	-0.09369456438181964	Isocitrate:NADP+ oxidoreductase (decarboxylating)	NADP + Isocitrate <=> NADPH + CO2 + 2-Oxoglutarate	gene_11358
rxn09510_c0	0.09207619336342494	Dolichyl-phosphate D-mannosyltransferase_g0	GDP-mannose_c0 + Dolichyl phosphate_c0 --> GDP + Dolichyl phosphate D-mannose_r0	
rxn09511_r0	0.09207619336342494	Dolichyl-phosphate-mannose--protein mannosyltransferase 1_r0	Dolichyl phosphate D-mannose_r0 --> H+_r0 + Dolichyl phosphate_r0 + Mannan_r0	gene_8849 or gene_1017 or gene_10636
rxn09642_c0	-0.09207619336342494	mannan endoplasmic reticulum transport via diffusion_g0	Mannan_c0 <=> Mannan_r0	
rxn09647_c0	-0.09207619336342493	dolichol phosphate endoplasmic reticular transport via proton symport_g0	H+ + Dolichyl phosphate_c0 <=> H+_r0 + Dolichyl phosphate_r0	
rxn09582_c0	0.08082737508768532	mannose-inositol phosphorylceramide synthase (ceramide-3, 26C), yeast-specific_c0	GDP-mannose_c0 + 0.01 Inositol phosphorylceramide, ceramide-3 (26C), yeast-specific_c0 --> GDP + H+ + 0.01 mannose-inositol phosphorylceramide, ceramide-3 (26C)_c0	
IPCS124_SC_c0	0.07174398282247307	Inositol phosphorylceramide synthase  ceramide 1  24C   yeast specific	Ceramide-1 Sphinganine:n-C24:0)_c0 + 0.01 Phosphatidyl 1D myo inositol  yeast specific C4140H7644O1300P100 --> 0.01 1,2-Diacylglycerol, yeast-specific_c0 + 0.01 Inositol phosphorylceramide, ceramide-1 (24C), yeast-specific_c0	gene_8702
rxn09599_c0	-0.06879216526075418	Inositol phosphorylceramide synthase (ceramide-1, 24C), yeast-specific	0.01 1-Phosphatidyl-myo-inositol_c0 + Ceramide-1 Sphinganine:n-C24:0)_c0 <=> 0.01 1,2-Diacylglycerol, yeast-specific_c0 + 0.01 Inositol phosphorylceramide, ceramide-1 (24C), yeast-specific_c0	gene_8702
rxn15467_m0	0.06397124314258036	(R)-2,3-Dihydroxy-3-methylbutanoate hydro-lyase_m0	(R)-2,3-Dihydroxy-3-methylbutanoate_m0 --> H2O + 3-Methyl-2-oxobutanoate_m0	gene_8326
rxn09799_c0	-0.06397124314258036	Transport of (R)-2-oxoisovalerate, mitochondrial_m0	3-Methyl-2-oxobutanoate_c0 <=> 3-Methyl-2-oxobutanoate_m0	
rxn00003_m0	-0.06397124314258036	pyruvate:pyruvate acetaldehydetransferase (decarboxylating)_m0	CO2 + ALCTT_m0 <=> 2 Pyruvate + H+	gene_11737 or gene_7035 or gene_6894 or gene_7460
KARA1im_m0	0.06397124314258035	Acetohydroxy acid isomeroreductase  mitochondrial	NADPH + H+ + ALCTT_m0 --> NADP + (R)-2,3-Dihydroxy-3-methylbutanoate_m0	gene_11182
rxn00191_c0	-0.054803513232744815	L-Alanine:2-oxoglutarate aminotransferase_c0	2-Oxoglutarate + L-Alanine <=> Pyruvate + L-Glutamate	gene_3840
rxn09588_c0	0.05260845507681267	mannose-(inositol-P)2-ceramide synthase (ceramide-3, 26C), yeast-specific	0.01 1-Phosphatidyl-myo-inositol_c0 + 0.01 mannose-inositol phosphorylceramide, ceramide-3 (26C)_c0 <=> 0.01 1,2-Diacylglycerol, yeast-specific_c0 + 0.01 mannose-(inositol-P)2-ceramide, ceramide-3 (26C), yeast-specific_c0	gene_8702
rxn00337_c0	0.05137758134451279	ATP:L-aspartate 4-phosphotransferase_c0	ATP + L-Aspartate --> ADP + 4-Phospho-L-aspartate_c0	gene_1548 or gene_8697
rxn01301_c0	0.051377581344512785	L-Homoserine:NAD+ oxidoreductase_c0	NADH + H+ + L-Aspartate4-semialdehyde_c0 --> NAD + L-Homoserine_c0	gene_6703
rxn01643_c0	-0.051377581344512785	L-Aspartate-4-semialdehyde:NADP+ oxidoreductase (phosphorylating)_c0	NADP + Phosphate + L-Aspartate4-semialdehyde_c0 <-- NADPH + H+ + 4-Phospho-L-aspartate_c0	gene_4716
rxn05469_m0	-0.04809525139171324	Pyruvate transport via proton symport_m0	Pyruvate + H+ <=> Pyruvate + H+	
rxn00692_c0	-0.0477351068552293	 5,10-Methylenetetrahydrofolate:glycine hydroxymethyltransferase	H2O + Glycine_c0 + 5-10-Methylenetetrahydrofolate_c0 <=> L-Serine_c0 + Tetrahydrofolate_c0	gene_6981
rxn30674_c0	-0.047381800506144184	(S)-malate hydro-lyase (fumarate-forming)_c0	L-Malate <=> H2O + Fumarate	gene_9437 or gene_4086
rxn15108_c0	0.038407819239356544	ATP:D-ribose-5-phosphate diphosphotransferase_c0	ATP + alpha-D-Ribose 5-phosphate <=> AMP + H+ + PRPP_c0	gene_11428 or gene_7927 or gene_11990
rxn00907_c0	0.035307840950602375	5,10-methylenetetrahydrofolate:NADP+ oxidoreductase_c0	NADP + 5-10-Methylenetetrahydrofolate_c0 <=> NADPH + 5-10-Methenyltetrahydrofolate_c0	gene_5937
rxn01211_c0	0.035307840950602375	5,10-Methenyltetrahydrofolate 5-hydrolase (decyclizing)_c0	H2O + 5-10-Methenyltetrahydrofolate_c0 <=> H+ + 10-Formyltetrahydrofolate_c0	gene_5937
rxn09397_c0	0.03419093700832713	CustomReaction_c0	H2O + UDP-glucose --> UDP + H+ + Amylose	gene_10234 or gene_8289
rxn09399_c0	0.03419093700832713	CustomReaction_c0	Amylose --> H2O + Glycogen	gene_516
rxn12193_c0	0.0337806457642272	3-isopropylmalate dehydratase	2-Isopropylmalate_c0 <=> 3-Isopropylmalate_c0	gene_5179
rxn27497_c0	0.03378064576422719	3-carboxy-3-hydroxy-4-methylpentanoate 3-methyl-2-oxobutanoate-lyase (CoA-acetylating)_c0	H2O + Acetyl-CoA + 3-Methyl-2-oxobutanoate_c0 --> CoA + H+ + 2-Isopropylmalate_c0	gene_11047
rxn03062_c0	0.03378064576422719	3-Isopropylmalate:NAD+ oxidoreductase_c0	NAD + 3-Isopropylmalate_c0 --> NADH + H+ + 2-isopropyl-3-oxosuccinate_c0	gene_6043 or gene_2846
rxn30417_c0	0.03378064576422719	2-oxo-4-methyl-3-carboxypentanoate decarboxylation_c0	H+ + 2-isopropyl-3-oxosuccinate_c0 --> CO2 + 4MOP_c0	gene_622
rxn00806_c0	-0.03378064576422719	L-Leucine:2-oxoglutarate aminotransferase_c0	2-Oxoglutarate + L-Leucine_c0 <=> L-Glutamate + 4MOP_c0	gene_622 or gene_12086 or gene_4156 or gene_3566
rxn01423_c0	0.032618153905944074	L-2-aminoadipate:2-oxoglutarate aminotransferase_c0	L-Glutamate + 2-Oxoadipate_c0 <=> 2-Oxoglutarate + L-2-Aminoadipate_c0	gene_12910
rxn00510_c0	0.032618153905944074	N6-(L-1,3-Dicarboxypropyl)-L-lysine:NAD+ oxidoreductase (L-lysine-forming)_c0	H2O + NAD + Saccharopine_c0 <=> NADH + 2-Oxoglutarate + L-Lysine_c0 + H+	gene_5491
SACCD1_c0	0.032618153905944074	Saccharopine dehydrogenase  NADP  L glutamate forming 	L 2 Aminoadipate 6 semialdehyde C6H11NO3 + NADPH + L-Glutamate + H+ <=> H2O + NADP + Saccharopine_c0	gene_2120
AASAD2_c0	0.032618153905944074	L aminoadipate semialdehyde dehydrogenase  NADH 	ATP + NADH + H+ + L-2-Aminoadipate_c0 --> L 2 Aminoadipate 6 semialdehyde C6H11NO3 + NAD + PPi + AMP	gene_8310
HICITDm_m0	0.03261815390594407	Homoisocitrate dehydrogenase	NAD + Homoisocitrate C7H7O7 <=> NADH + H+ + Oxaloglutarate_m0	gene_1480
rxn01420_m0	0.03261815390594407	(1R,2S)-1-hydroxybutane-1,2,4-tricarboxylate:NAD+ oxidoreductase (decarboxylating)_m0	H+ + Oxaloglutarate_m0 <=> CO2 + 2-Oxoadipate_m0	gene_1480
rxn09803_c0	0.03261815390594407	Transport of 2-oxoadipate, mitochondrial_m0	2-Oxoadipate_m0 --> 2-Oxoadipate_c0	
rxn30391_m0	0.03261815390594407	homocitrate synthase_m0	H2O + Acetyl-CoA + 2-Oxoglutarate --> CoA + H+ + Homocitrate	
HACNHm_m0	0.03261815390594407	CustomReaction_m0	H2O + 3-carboxyhex-2-enedioate <=> Homoisocitrate C7H7O7	
rxn30206_m0	0.03261815390594407	2-Hydroxybutane-1,2,4-tricarboxylate hydro-lyase_m0	Homocitrate <=> H2O + 3-carboxyhex-2-enedioate	gene_7602 or gene_1085
rxn01255_c0	0.032082495892813624	5-O-(1-Carboxyvinyl)-3-phosphoshikimate phosphate-lyase (chorismate-forming)_c0	5-O--1-Carboxyvinyl-3-phosphoshikimate_c0 --> Phosphate + Chorismate_c0	gene_6415
rxn01739_c0	0.032082495892813624	ATP:shikimate 3-phosphotransferase_c0	ATP + Shikimate_c0 --> ADP + H+ + 3-phosphoshikimate_c0	gene_7443
rxn02476_c0	0.032082495892813624	Phosphoenolpyruvate:3-phosphoshikimate 5-O-(1-carboxyvinyl)-transferase_c0	Phosphoenolpyruvate + 3-phosphoshikimate_c0 --> Phosphate + 5-O--1-Carboxyvinyl-3-phosphoshikimate_c0	gene_7443
rxn02212_c0	0.03208249589281362	2-Dehydro-3-deoxy-D-arabino-heptonate 7-phosphate phosphate-lyase (cyclyzing)_c0	DAHP_c0 --> Phosphate + 5-Dehydroquinate_c0	gene_7443 or gene_11435
rxn02213_c0	0.03208249589281362	3-Dehydroquinate hydro-lyase_c0	5-Dehydroquinate_c0 --> H2O + 3-Dehydroshikimate_c0	gene_7443 or gene_11517 or gene_2760
rxn01740_c0	0.03208249589281362	Shikimate:NADP+ 3-oxidoreductase_c0	NADPH + H+ + 3-Dehydroshikimate_c0 --> NADP + Shikimate_c0	gene_7443
rxn01332_c0	0.03208249589281362	Phosphoenolpyruvate:D-erythrose-4-phosphate C-(1-carboxyvinyl)transferase (phosphate hydrolysing, 2-carboxy-2-oxoethyl-forming)_c0	H2O + Phosphoenolpyruvate + D-Erythrose4-phosphate --> Phosphate + DAHP_c0	gene_5766 or gene_10716 or gene_10803 or gene_8788 or gene_8442
rxn00414_c0	0.03092000403453043	hydrogen-carbonate:L-glutamine amido-ligase (ADP-forming, carbamate-phosphorylating)_c0	H2O + 2 ATP + L-Glutamine + H2CO3 --> 2 ADP + Phosphate + L-Glutamate + 2 H+ + Carbamoylphosphate_c0	gene_4589 or gene_3969 or gene_2309
rxn00903_c0	-0.030156406441344524	L-Valine:2-oxoglutarate aminotransferase_c0	2-Oxoglutarate + L-Valine_c0 <=> L-Glutamate + 3-Methyl-2-oxobutanoate_c0	gene_622 or gene_12086 or gene_4156 or gene_3566
rxn00001_m0	0.029632145407217664	CustomReaction_m0	H2O + PPi --> 2 Phosphate + H+	gene_12967 or gene_4271
rxn00175_m0	0.029563763533201007	CustomReaction_m0	ATP + CoA + Acetate --> PPi + AMP + Acetyl-CoA	gene_5109 or gene_9278
rxn08063_c0	0.029563763533200307	Acetate transport via diffusion (extracellular to periplasm)_m0	Acetate <=> Acetate	
rxn01303_c0	0.029563763533200175	Acetyl-CoA:L-homoserine O-acetyltransferase_c0	Acetyl-CoA + L-Homoserine_c0 <=> CoA + O-Acetyl-L-homoserine_c0	gene_4007
rxn00097_m0	0.029563763533200116	CustomReaction_m0	ATP + AMP <=> 2 ADP	gene_8746 or gene_2710 or gene_1190
rxn01256_c0	0.026999443257575664	Chorismate pyruvatemutase_c0	Chorismate_c0 --> Prephenate_c0	gene_1620
rxn01560_c0	0.02279395800555142	D-Mannitol-1-phosphate phosphohydrolase	H2O + cpd27436_c0 <=> Phosphate + cpd00314_c0	
rxn00546_c0	-0.02279395800555142	D-Mannitol-1-phosphate 5-dehydrogenase (NADP), fungal	NADP + cpd27436_c0 <=> NADPH + H+ + D-fructose-6-phosphate	
rxn03437_m0	0.021961978538348775	(R)-2,3-Dihydroxy-3-methylpentanoate hydro-lyase	 --> H2O + 3MOP_m0	gene_4147 or gene_8326
rxn08043_m0	0.021961978538348772	pyruvate:2-oxobutanoate acetaldehydetransferase (decarboxylating)	Pyruvate + H+ + 2-Oxobutyrate_m0 --> CO2 + 	gene_7035 or gene_6894
rxn08764_m0	0.021961978538348772	ketol-acid reductoisomerase (2-Acetolactate)	NADPH + H+ +  <=> NADP + 	
rxn13195_c0	0.02196197853834877	2obut transporter (mitochondrial)_m0	2-Oxobutyrate <=> 2-Oxobutyrate_m0	
rxn01575_m0	-0.02196197853834876	L-Isoleucine:2-oxoglutarate aminotransferase_m0	2-Oxoglutarate + L-Isoleucine_m0 <=> L-Glutamate + 3MOP_m0	gene_622 or gene_12086 or gene_4156 or gene_3566
rxn08747_c0	0.021961978538348758	L-isoleucine transport via diffusion (extracellular to periplasm)_m0	L-Isoleucine_m0 --> L-Isoleucine_c0	
rxn00742_c0	0.021961978538348755	L-cystathionine cysteine-lyase (deaminating; 2-oxobutanoate-forming)_c0	H2O + Cystathionine_c0 --> NH3 + L-Cysteine_c0 + 2-Oxobutyrate	gene_5593
rxn01069_c0	0.02181381781131271	O-phospho-L-homoserine phosphate-lyase (adding water;L-threonine-forming)_c0	H2O + O-Phospho-L-homoserine_c0 --> Phosphate + L-Threonine_c0	gene_10801
rxn01300_c0	0.021813817811312707	ATP:L-homoserine O-phosphotransferase_c0	ATP + L-Homoserine_c0 --> ADP + H+ + O-Phospho-L-homoserine_c0	gene_5498
rxn03137_c0	0.021585878231259195	10-Formyltetrahydrofolate:5'-phosphoribosyl-5-amino-4-imidazolecarboxamide formyltransferase_c0	10-Formyltetrahydrofolate_c0 + AICAR_c0 <=> Tetrahydrofolate_c0 + FAICAR_c0	gene_3819
rxn00832_c0	-0.021585878231259195	IMP 1,2-hydrolase (decyclizing)_c0	H2O + IMP_c0 <=> FAICAR_c0	gene_3819
rxn02302_c0	0.02116419000815396	O-Acetyl-L-homoserine succinate-lyase (adding cysteine)_c0	L-Cysteine_c0 + O-Acetyl-L-homoserine_c0 --> Acetate + H+ + Cystathionine_c0	gene_6399 or gene_9039
rxn00179_c0	0.018770824417571625	ATP:L-glutamate 5-phosphotransferase_c0	ATP + L-Glutamate --> ADP + L-Glutamyl 5-phosphate_c0	gene_2152 or gene_2036 or gene_10235 or gene_5545
rxn09412_c0	0.018770824417571625	glutamate-5-semialdehyde dehydrogenase_c0	NADH + H+ + L-Glutamyl 5-phosphate_c0 --> NAD + Phosphate + L-Glutamate5-semialdehyde_c0	gene_2036
rxn02374_c0	0.018770824417571597	R03314_c0	L-Glutamate5-semialdehyde_c0 <=> H2O + H+ + 1-Pyrroline-5-carboxylate_c0	
rxn00931_c0	0.018770824417571597	L-Proline:NADP+ 5-oxidoreductase_c0	NADPH + 2 H+ + 1-Pyrroline-5-carboxylate_c0 --> NADP + L-Proline_c0	gene_9941 or gene_5611
rxn29991_c0	0.01831494525746057	argininosuccinate synthase_c0	ATP + L-Aspartate + Citrulline_c0 <=> PPi + AMP + H+ + N(omega)-(L-Arginino)succinate_c0	gene_9929
rxn30043_c0	0.018314945257460566	ornithine carbamoyltransferase_c0	Carbamoylphosphate_c0 + Ornithine_c0 --> Phosphate + H+ + Citrulline_c0	gene_3484
rxn29990_c0	0.018314945257460566	argininosuccinate lyase_c0	N(omega)-(L-Arginino)succinate_c0 <=> L-Arginine_c0 + Fumarate	gene_5005 or gene_9929 or gene_7393
rxn01917_m0	0.018314945257460545	ATP:N-acetyl-L-glutamate 5-phosphotransferase_m0	ATP + N-Acetyl-L-glutamate --> ADP + n-acetylglutamyl-phosphate_m0	gene_853
ORNt3m_c0	0.018314945257460545	Ornithine mitochondrial transport via proton antiport	H+ + cpd19016_m0 <=> H+ + Ornithine_c0	
rxn30081_m0	0.01831494525746054	CustomReaction_m0	L-Glutamate + N-Acetylornithine_m0 --> N-Acetyl-L-glutamate + cpd19016_m0	gene_3939
rxn02465_m0	-0.01831494525746053	N-acetyl-L-glutamate-5-semialdehyde:NADP+ 5-oxidoreductase (phosphrylating)	NADP + Phosphate + 2-Acetamido-5-oxopentanoate_m0 <=> NADPH + H+ + n-acetylglutamyl-phosphate_m0	gene_853
rxn01637_m0	0.018314945257460528	N2-Acetyl-L-ornithine:2-oxoglutarate aminotransferase_m0	L-Glutamate + 2-Acetamido-5-oxopentanoate_m0 --> 2-Oxoglutarate + N-Acetylornithine_m0	gene_1711
rxn03084_c0	0.015875991750868564	5'-Phosphoribosylformylglycinamide:L-glutamine amido-ligase (ADP-forming)_c0	H2O + ATP + L-Glutamine + N-Formyl-GAR_c0 --> ADP + Phosphate + L-Glutamate + H+ + 5'-Phosphoribosylformylglycinamidine_c0	gene_1542
rxn00790_c0	0.015875991750868564	5-phosphoribosylamine:diphosphate phospho-alpha-D-ribosyltransferase (glutamate-amidating)_c0	H2O + L-Glutamine + PRPP_c0 --> PPi + L-Glutamate + 5-Phosphoribosylamine_c0	gene_742
rxn03004_c0	0.015875991750868564	10-Formyltetrahydrofolate:5'-phosphoribosylglycinamide formyltransferase_c0	10-Formyltetrahydrofolate_c0 + GAR_c0 --> H+ + Tetrahydrofolate_c0 + N-Formyl-GAR_c0	gene_10696
rxn02895_c0	0.015875991750868564	5-Phospho-D-ribosylamine:glycine ligase (ADP-forming)_c0	ATP + Glycine_c0 + 5-Phosphoribosylamine_c0 <=> ADP + Phosphate + H+ + GAR_c0	gene_598 or gene_6341
rxn02937_c0	0.015875991750868564	2-(Formamido)-N1-(5-phosphoribosyl)acetamidine cyclo-ligase (ADP-forming)_c0	ATP + 5'-Phosphoribosylformylglycinamidine_c0 --> ADP + Phosphate + 2 H+ + AIR_c0	gene_598 or gene_6341
rxn00493_c0	-0.015260554884716674	L-Phenylalanine:2-oxoglutarate aminotransferase_c0	2-Oxoglutarate + L-Phenylalanine_c0 <=> L-Glutamate + Phenylpyruvate_c0	gene_12910 or gene_8831 or gene_11623 or gene_11255
rxn01000_c0	0.015260554884716672	prephenate hydro-lyase (decarboxylating; phenylpyruvate-forming)_c0	H+ + Prephenate_c0 --> H2O + CO2 + Phenylpyruvate_c0	gene_902
rxn35572_c0	0.014941439472640958	Adenylosuccinate lyase_c0	1-(5'-Phosphoribosyl)-5-amino-4-(N-succinocarboxamide)-imidazole_c0 <=> Fumarate + AICAR_c0	gene_370
rxn02938_c0	0.014941439472640958	1-(5-phospho-D-ribosyl)-5-amino-4-imidazolecarboxylate carboxy-lyase_c0	CO2 + AIR_c0 <=> H+ + 5'-Phosphoribosyl-4-carboxy-5-aminoimidazole_c0	gene_4557
rxn35571_c0	0.014941439472640955	Phosphoribosylaminoimidazole-succinocarboxamide synthase_c0	ATP + L-Aspartate + 5'-Phosphoribosyl-4-carboxy-5-aminoimidazole_c0 <=> ADP + Phosphate + H+ + 1-(5'-Phosphoribosyl)-5-amino-4-(N-succinocarboxamide)-imidazole_c0	gene_919
rxn00838_c0	0.01412541577604251	IMP:L-aspartate ligase (GDP-forming)_c0	GTP + L-Aspartate + IMP_c0 --> Phosphate + GDP + 2 H+ + Adenylosuccinate_c0	gene_10535
rxn00800_c0	0.014125415776042509	N6-(1,2-dicarboxyethyl)AMP AMP-lyase (fumarate-forming)_c0	Adenylosuccinate_c0 <=> AMP + Fumarate	gene_370
rxn00710_c0	0.012605058777069867	orotidine-5'-phosphate carboxy-lyase (UMP-forming)_c0	H+ + Orotidylic acid_c0 --> CO2 + UMP_c0	gene_1225
rxn01362_c0	-0.012605058777069866	Orotidine-5'-phosphate:diphosphate phospho-alpha-D-ribosyl-transferase_c0	PPi + Orotidylic acid_c0 <=> PRPP_c0 + Orotate_c0	gene_6854 or gene_1225
rxn01360_c0	0.012605058777069866	(S)-dihydroorotate:fumarate oxidoreductase_c0	O2 + S-Dihydroorotate_c0 --> H2O2 + Orotate_c0	gene_4133
rxn01465_c0	-0.012605058777069866	(S)-dihydroorotate amidohydrolase_c0	H2O + S-Dihydroorotate_c0 <=> H+ + N-Carbamoyl-L-aspartate_c0	gene_2309 or gene_610
rxn01018_c0	0.012605058777069866	carbamoyl-phosphate:L-aspartate carbamoyltransferase_c0	L-Aspartate + Carbamoylphosphate_c0 --> Phosphate + H+ + N-Carbamoyl-L-aspartate_c0	gene_2309
rxn31870_c0	0.012069400763939477	5,10-methylenetetrahydrofolate reductase (FADH)-(NADP)_c0	NADPH + 2 H+ + 5-10-Methylenetetrahydrofolate_c0 --> NADP + 5-Methyltetrahydrofolate_c0	gene_12702 or gene_780
TRP_sphinganine_r0c0	-0.011989621910920038	Sphinganine transport r0→c0	Sphinganine_r0 <=> Sphinganine_c0	
rxn01269_c0	0.011738888372858983	Prephenate:NADP+ oxidoreductase(decarboxylating)_c0	NADP + Prephenate_c0 --> NADPH + CO2 + p-hydroxyphenylpyruvate_c0	gene_788
EX_cpd00048_e0	-0.011590727645823388	Exchange for Sulfate_e0	Sulfate_e0 <=> 	
rxn05238_c0	0.011590727645823388	TRANS-RXNBWI-115353.ce_c0	Sulfate_e0 --> Sulfate_c0	gene_9669 or gene_9297
rxn00416_c0	0.011590727645822897	L-aspartate:L-glutamine amido-ligase (AMP-forming)_c0	H2O + ATP + L-Aspartate + L-Glutamine --> PPi + AMP + L-Glutamate + H+ + L-Asparagine_c0	gene_5682 or gene_7143 or gene_521 or gene_11394
rxn00693_c0	0.011157642443717421	5-Methyltetrahydrofolate:L-homocysteine S-methyltransferase_c0	Homocysteine_c0 + 5-Methyltetrahydrofolate_c0 --> L-Methionine_c0 + H+ + Tetrahydrofolate_c0	gene_2689
rxn00361_c0	0.00931133184526825	ATP:adenylylsulfate 3'-phosphotransferase_c0	ATP + APS_c0 --> ADP + 3-phosphoadenylylsulfate_c0 + H+	gene_3295
rxn00379_c0	0.00931133184526825	ATP:sulfate adenylyltransferase_c0	ATP + Sulfate_c0 + H+ --> PPi + APS_c0	gene_12060
rxn05239_c0	0.009311331845268249	adenosine 3',5'-bisphosphate,sulfite:oxidized-thioredoxin oxidoreductase (3'-phosphoadenosine-5'-phosphosulfate -forming)_c0	3-phosphoadenylylsulfate_c0 + trdrd --> Adenosine 3-5-bisphosphate_c0 + 2 H+ + Sulfite_c0 + trdox	gene_5059 or gene_47
rxn00137_c0	0.009311331845268249	Adenosine 3',5'-bisphosphate 3'-phosphohydrolase_c0	H2O + Adenosine 3-5-bisphosphate_c0 --> Phosphate + AMP	gene_5633
CERS124er_r0	0.008969422475184471	Ceramide-1 synthase (24C)_r0	Sphinganine_r0 + tetracosanoyl-CoA  (n-C24:0CoA)_r0 --> CoA_r0 + H+_r0 + Ceramide-1 Sphinganine:n-C24:0)_r0	gene_9741 or gene_9020
rxn13235_c0	-0.008969422475184471	ceramide-1 (C24) endoplasmic reticular transport_g0	Ceramide-1 Sphinganine:n-C24:0)_c0 <=> Ceramide-1 Sphinganine:n-C24:0)_r0	
rxn00623_c0	-0.008855452685157215	hydrogen-sulfide:NADP+ oxidoreductase	3.0 H2O + 3.0 NADP + H2S_c0 <=> 3.0 NADPH + 3.0 H+ + Sulfite_c0	gene_3061 or gene_8471
rxn00952_c0	0.008399573525046203	O-acetyl-L-homoserine:hydrogen sulfide S-(3-amino-3-carboxypropyl)transferase_c0	H2S_c0 + O-Acetyl-L-homoserine_c0 --> Acetate + H+ + Homocysteine_c0	gene_11855 or gene_9039 or gene_6399
rxn00834_c0	0.0074604624552169355	IMP:NAD+ oxidoreductase_c0	H2O + NAD + IMP_c0 --> NADH + H+ + XMP_c0	gene_1625
rxn00917_c0	0.007460462455216934	Xanthosine-5'-phosphate:L-glutamine amido-ligase (AMP-forming)_c0	H2O + ATP + L-Glutamine + XMP_c0 --> PPi + AMP + L-Glutamate + 2 H+ + GMP_c0	gene_2345
GAT1_SC_c0	0.006838187401665312	Glycerol 3 phosphate acyltransferase  glycerol 3 phosphate   yeast specific	Glycerol-3-phosphate + 0.27 Palmitoyl-CoA_c0 + 0.05 strcoa_c0 + 0.06 Lauroyl-CoA_c0 + 0.1 Myristoyl-CoA_c0 + 0.02 Decanoyl-CoA_c0 + 0.17 Hexadecenoyl-CoA_c0 + 0.09 Octadecynoyl-CoA_c0 + 0.24 Octadecenoyl-CoA_c0 --> CoA + 0.01 Acyl-sn-glycerol 3-phosphate_c0	gene_8048
AGAT_SC_c0	0.006838187401665311	1 Acyl glycerol 3 phosphate acyltransferase  yeast specific	0.27 Palmitoyl-CoA_c0 + 0.05 strcoa_c0 + 0.06 Lauroyl-CoA_c0 + 0.1 Myristoyl-CoA_c0 + 0.02 Decanoyl-CoA_c0 + 0.17 Hexadecenoyl-CoA_c0 + 0.09 Octadecynoyl-CoA_c0 + 0.24 Octadecenoyl-CoA_c0 + 0.01 Acyl-sn-glycerol 3-phosphate_c0 --> CoA + 0.01 Phosphatidate, yeast-specific_c0	gene_5300
rxn00789_c0	0.0066444387586182384	1-(5-phospho-D-ribosyl)-ATP:diphosphate phospho-alpha-D-ribosyl-transferase_c0	ATP + PRPP_c0 --> PPi + Phosphoribosyl-ATP_c0	gene_12319
rxn02160_c0	0.006644438758618238	L-Histidinol-phosphate phosphohydrolase_c0	H2O + L-histidinol-phosphate_c0 --> Phosphate + L-Histidinol_c0	gene_4721
rxn27926_c0	0.006644438758618238	Histidinol-phosphate aminotransferase_c0	L-Glutamate + imidazole acetol-phosphate_c0 --> 2-Oxoglutarate + L-histidinol-phosphate_c0	gene_11623
rxn19830_c0	0.006644438758618238	GLUTAMIDOTRANS-RXN.d_c0	L-Glutamine + phosphoribulosylformimino-AICAR-phosphate_c0 --> L-Glutamate + H+ + D-erythro-imidazol-glycerol-phosphate_c0 + AICAR_c0	gene_8889
rxn03175_c0	0.006644438758618238	N-(5'-Phospho-D-ribosylformimino)-5-amino-1- (5''-phospho-D-ribosyl)-4-imidazolecarboxamide ketol-isomerase_c0	phosphoribosylformiminoaicar-phosphate_c0 --> phosphoribulosylformimino-AICAR-phosphate_c0	
rxn00859_c0	0.006644438758618238	L-Histidinol:NAD+ oxidoreductase_c0	H2O + 2 NAD + L-Histidinol_c0 --> 2 NADH + 3 H+ + L-Histidine_c0	gene_1605
rxn02835_c0	0.006644438758618238	1-(5-phospho-D-ribosyl)-AMP 1,6-hydrolase_c0	H2O + Phosphoribosyl-AMP_c0 --> phosphoribosylformiminoaicar-phosphate_c0	gene_1605
rxn02834_c0	0.006644438758618238	Phosphoribosyl-ATP pyrophosphohydrolase_c0	H2O + Phosphoribosyl-ATP_c0 --> PPi + H+ + Phosphoribosyl-AMP_c0	gene_1605
rxn02473_c0	0.006644438758618238	D-erythro-1-(Imidazol-4-yl)glycerol 3-phosphate hydro-lyase_c0	D-erythro-imidazol-glycerol-phosphate_c0 --> H2O + imidazole acetol-phosphate_c0	gene_4690
rxn09609_c0	0.006017604913465574	Ceramide-1 hydroxylase (24C)_c0	NADPH + O2 + H+ + Ceramide-1 Sphinganine:n-C24:0)_c0 --> H2O + NADP + Ceramide-2 Phytosphingosine:n-C24:0)_c0	gene_11213 or gene_31
rxn00119_c0	0.005778268354407218	ATP:UMP phosphotransferase_c0	ATP + UMP_c0 <=> ADP + UDP	gene_10931
rxn00555_c0	0.005698489501387856	L-glutamine:D-fructose-6-phosphate isomerase (deaminating)_c0	L-Glutamine + D-fructose-6-phosphate --> L-Glutamate + D-Glucosamine phosphate_c0	gene_11978
rxn15561_c0	0.005698489501387855	UDP-glucose:alpha-D-(1-3)-glucan 3-alpha-D-glucosyltransferase	UDP-glucose <=> UDP + 1,3-alpha-D-Glucan_c0	gene_5001
rxn01505_c0	0.005698489501387855	N-Acetyl-D-glucosamine 1-phosphate 1,6-phosphomutase_c0	N-Acetyl-D-glucosamine 6-phosphate_c0 <=> N-Acetyl-D-glucosamine1-phosphate_c0	gene_8511
rxn15558_c0	0.005698489501387855	UDP-N-acetyl-D-glucosamine:chitin 4-beta-N-acetylglucosaminyl-transferase	cpd00037_c0 --> UDP + Chitin_c0	gene_542 or gene_1689 or gene_2238 or gene_7871 or gene_12527
rxn00293_c0	0.005698489501387855	UTP:N-acetyl-alpha-D-glucosamine-1-phosphate uridylyltransferase	UTP + N-Acetyl-D-glucosamine1-phosphate_c0 --> PPi + cpd00037_c0	gene_5274
rxn01483_c0	0.005698489501387855	acetyl-CoA:D-glucosamine-6-phosphate N-acetyltransferase_c0	Acetyl-CoA + D-Glucosamine phosphate_c0 <=> CoA + H+ + N-Acetyl-D-glucosamine 6-phosphate_c0	gene_4606
rxn00126_c0	0.005413565026318764	ATP:L-methionine S-adenosyltransferase_c0	H2O + ATP + L-Methionine_c0 --> Phosphate + PPi + S-Adenosyl-L-methionine_c0	gene_5089
rxn00410_c0	0.005094449614240706	UTP:ammonia ligase (ADP-forming)_c0	ATP + NH3 + UTP --> ADP + Phosphate + CTP_c0 + 2 H+	gene_2791
rxn08455_c0	0.004889303992190694	fatty-acid-CoA ligase (octadecenoate transport via vectoral Co-A coupling)_c0	ATP + CoA + octadecenoate_c0 <=> PPi + AMP + Octadecenoyl-CoA_c0	gene_1869 or gene_7011 or gene_8106
rxn10667_c0	0.004889303992190694	fatty acid synthase (n-C18:1)_c0	3 NADPH + O2 + 4 H+ + Malonyl-CoA_c0 + Palmitate_c0 --> 3 H2O + 3 NADP + CoA + CO2 + octadecenoate_c0	gene_1461 or gene_5256 or gene_12063 or gene_313 or gene_12865
rxn00134_c0	0.0035900483858743973		ATP + Adenosine --> ADP + AMP + H+	gene_10947 or gene_4315
rxn00141_c0	0.003555857448866021	S-Adenosyl-L-homocysteine hydrolase_c0	H2O + S-Adenosyl-homocysteine_c0 --> Homocysteine_c0 + Adenosine	gene_12543
rxn39089_c0	0.003419093700832713	phosphatidylserine synthase, yeast-specific, mitochondrial_c0	L-Serine_c0 + 0.01 cdpdag_BS_c0 <=> CMP_c0 + H+ + 0.01 ps_BS_c0	gene_11289
rxn30066_c0	0.003236742036788301	tryptophan synthase (indoleglycerol phosphate)_c0	L-Serine_c0 + C'-(3-Indolyl)-glycerol 3-phosphate_c0 --> H2O + L-Tryptophan_c0 + Glyceraldehyde3-phosphate	gene_10958
rxn00791_c0	0.003236742036788301	N-(5-Phospho-D-ribosyl)anthranilate:pyrophosphate phosphoribosyl-transferase_c0	Anthranilate_c0 + PRPP_c0 --> PPi + N-5-phosphoribosyl-anthranilate_c0	gene_159
rxn30035_c0	0.003236742036788301	indole-3-glycerol-phosphate synthase_c0	H+ + 1-(2-carboxyphenylamino)-1-deoxyribulose 5-phosphate_c0 --> H2O + CO2 + C'-(3-Indolyl)-glycerol 3-phosphate_c0	gene_4436
rxn02508_c0	0.003236742036788301	N-(5-Phospho-beta-D-ribosyl)anthranilate ketol-isomerase_c0	N-5-phosphoribosyl-anthranilate_c0 --> 1-(2-carboxyphenylamino)-1-deoxyribulose 5-phosphate_c0	gene_4436
rxn00727_c0	0.003236742036788301	Chorismate pyruvate-lyase (amino-accepting)_c0	L-Glutamine + Chorismate_c0 --> Pyruvate + L-Glutamate + H+ + Anthranilate_c0	gene_4436
rxn09590_c0	0.0030543903727438893	mannose-(inositol-P)2-ceramide synthase (ceramide-2, 24C), yeast-specific	0.01 1-Phosphatidyl-myo-inositol_c0 + 0.01 mannose-inositol phosphorylceramide, ceramide-2 (26C), yeast-specific_c0 <=> 0.01 1,2-Diacylglycerol, yeast-specific_c0 + 0.01 mannose-(inositol-P)2-ceramide, ceramide-2 (26C), yeast-specific_c0	gene_8702
rxn09584_c0	0.0030543903727438893	mannose-inositol phosphorylceramide synthase (ceramide-2, 26C), yeast-specific_c0	GDP-mannose_c0 + 0.01 Inositol phosphorylceramide, ceramide-2 (26C), yeast-specific_c0 --> GDP + H+ + 0.01 mannose-inositol phosphorylceramide, ceramide-2 (26C), yeast-specific_c0	
IPCS226_SC_c0	0.0030543903727438893	Inositol phosphoryceramide synthase  ceramide 2  26C   yeast specific	Ceramide-2 Phytosphingosine:n-C26:0)_c0 + 0.01 Phosphatidyl 1D myo inositol  yeast specific C4140H7644O1300P100 --> 0.01 1,2-Diacylglycerol, yeast-specific_c0 + 0.01 Inositol phosphorylceramide, ceramide-2 (26C), yeast-specific_c0	gene_8702
IPCS324_SC_c0	0.003031596414738339	Inositol phosphorylceramide synthase  ceramide 3  24C   yeast specific	Ceramide-3 Phytosphingosine:n-C24:0OH)_c0 + 0.01 Phosphatidyl 1D myo inositol  yeast specific C4140H7644O1300P100 --> 0.01 1,2-Diacylglycerol, yeast-specific_c0 + 0.01 Inositol phosphorylceramide, ceramide-3 (24C), yeast-specific_c0	gene_8702
rxn09601_c0	0.003031596414738339	Ceramide-3 synthase (24C)_c0	NADPH + O2 + H+ + Ceramide-2 Phytosphingosine:n-C24:0)_c0 --> H2O + NADP + Ceramide-3 Phytosphingosine:n-C24:0OH)_c0	gene_31
rxn09589_c0	0.003031596414738339	mannose-(inositol-P)2-ceramide synthase (ceramide-3, 24C), yeast specific	0.01 1-Phosphatidyl-myo-inositol_c0 + 0.01 mannose-inositol phosphorylceramide, ceramide-3 (24C), yeast-specific_c0 <=> 0.01 1,2-Diacylglycerol, yeast-specific_c0 + 0.01 mannose-(inositol-P)2-ceramide, ceramide-3 (24C), yeast-specific_c0	gene_8702
rxn09583_c0	0.0030315964147383384	mannose-inositol phosphorylceramide synthase (ceramide-3, 24C), yeast-specific_c0	GDP-mannose_c0 + 0.01 Inositol phosphorylceramide, ceramide-3 (24C), yeast-specific_c0 --> GDP + H+ + 0.01 mannose-inositol phosphorylceramide, ceramide-3 (24C), yeast-specific_c0	
rxn09606_r0	0.0030201994357355643	Ceramide-1 synthase (sphinganine + C26:0-CoA), ER_r0	Sphinganine_r0 + Hexacosanoyl-CoA_r0 --> CoA_r0 + 2 H+_r0 + Ceramide-1 Sphinganine:n-C26:0)_r0	gene_9741 or gene_6240
rxn13236_c0	-0.003020199435735564	ceramide-1 (C26) endoplasmic reticular transport_g0	Ceramide-1 Sphinganine:n-C26:0)_c0 <=> Ceramide-1 Sphinganine:n-C26:0)_r0	
rxn09586_c0	0.0030201994357355634	mannose-inositol phosphorylceramide synthase (ceramide-1, 26C), yeast-specific_c0	GDP-mannose_c0 + 0.01 Inositol phosphorylceramide, ceramide-1 (26C), yeast-specific_c0 --> GDP + H+ + 0.01 mannose-inositol phosphorylceramide, ceramide-1 (26C), yeast-specific_c0	
IPCS126_SC_c0	0.0030201994357355634	Inositol phosphorylceramide synthase  ceramide 1  26C   yeast specific	Ceramide-1 Sphinganine:n-C26:0)_c0 + 0.01 Phosphatidyl 1D myo inositol  yeast specific C4140H7644O1300P100 --> 0.01 1,2-Diacylglycerol, yeast-specific_c0 + 0.01 Inositol phosphorylceramide, ceramide-1 (26C), yeast-specific_c0	gene_8702
rxn09592_c0	0.003020199435735563	mannose-(inositol-P)2-ceramide synthase (ceramide-1, 26C), yeast-specific	0.01 1-Phosphatidyl-myo-inositol_c0 + 0.01 mannose-inositol phosphorylceramide, ceramide-1 (26C), yeast-specific_c0 <=> 0.01 1,2-Diacylglycerol, yeast-specific_c0 + 0.01 mannose-(inositol-P)2-ceramide, ceramide-1 (26C), yeast-specific_c0	gene_8702
rxn09591_c0	0.0029860084987272362	mannose-(inositol-P)2-ceramide synthase (ceramide-2, 26C), yeast specific	0.01 1-Phosphatidyl-myo-inositol_c0 + 0.01 mannose-inositol phosphorylceramide, ceramide-2 (24C), yeast-specific_c0 <=> 0.01 1,2-Diacylglycerol, yeast-specific_c0 + 0.01 mannose-(inositol-P)2-ceramide, ceramide-2 (24C), yeast-specific_c0	gene_8702
IPCS224_SC_c0	0.0029860084987272362	Inositol phosphorylceramide synthase  ceramide 2  24C   yeast specific	Ceramide-2 Phytosphingosine:n-C24:0)_c0 + 0.01 Phosphatidyl 1D myo inositol  yeast specific C4140H7644O1300P100 --> 0.01 1,2-Diacylglycerol, yeast-specific_c0 + 0.01 Inositol phosphorylceramide, ceramide-2 (24C), yeast-specific_c0	gene_8702
rxn09585_c0	0.002986008498727236	mannose-inositol phosphorylceramide synthase (ceramide-2, 24C), yeast-specific_c0	GDP-mannose_c0 + 0.01 Inositol phosphorylceramide, ceramide-2 (24C), yeast-specific_c0 --> GDP + H+ + 0.01 mannose-inositol phosphorylceramide, ceramide-2 (24C), yeast-specific_c0	
rxn09587_c0	0.002951817561718909	mannose-inositiol phophorylceramide synthase (ceramide-1, 24C), yeast-specific_c0	GDP-mannose_c0 + 0.01 Inositol phosphorylceramide, ceramide-1 (24C), yeast-specific_c0 --> GDP + H+ + 0.01 mannose-inositol phosphorylceramide, ceramide-1 (24C), yeast-specific_c0	
rxn09593_c0	0.002951817561718908	mannose-(inositol-P)2-ceramide synthase (ceramide-1, 24C), yeast-specific	0.01 1-Phosphatidyl-myo-inositol_c0 + 0.01 mannose-inositol phosphorylceramide, ceramide-1 (24C), yeast-specific_c0 <=> 0.01 1,2-Diacylglycerol, yeast-specific_c0 + 0.01 mannose-(inositol-P)2-ceramide, ceramide-1 (24C), yeast-specific_c0	gene_8702
rxn09680_c0	-0.0027580689186717153	RXN0-1683.ce.maizeexp.GLYCOLALDEHYDE_GLYCOLALDEHYDE_c0	Glycolaldehyde_e0 <=> Glycolaldehyde_c0	
EX_cpd00229_e0	0.0027580689186717153	Exchange for Glycolaldehyde_e0	Glycolaldehyde_e0 --> 	
rxn02004_c0	0.0026668930866495157	Trehalose-6-phosphate phosphohydrolase_c0	H2O + Trehalose 6-phosphate --> Phosphate + TRHL_c0	gene_10094 or gene_467 or gene_9268 or gene_7984
rxn00605_c0	0.0026668930866495157	UDP-glucose:D-glucose-6-phosphate 1-alpha-D-glucosyltransferase_c0	UDP-glucose + D-glucose-6-phosphate --> UDP + H+ + Trehalose 6-phosphate	gene_7984 or gene_10094 or gene_9268 or gene_2427 or gene_467
rxn09441_c0	0.002666893086649472	fatty acyl-CoA synthase (n-C10:0CoA)_c0	2 NADPH + 3 H+ + Malonyl-CoA_c0 + Octanoyl-CoA_c0 --> H2O + 2 NADP + CoA + CO2 + Decanoyl-CoA_c0	gene_10612 or gene_12865 or gene_313 or gene_10589 or gene_12063
rxn09421_c0	0.002666893086649472	fatty acyl-CoA synthase (n-C8:0CoA), lumped reaction_c0	6 NADPH + Acetyl-CoA + 9 H+ + 3 Malonyl-CoA_c0 --> 3 H2O + 6 NADP + 3 CoA + 3 CO2 + Octanoyl-CoA_c0	gene_10612 or gene_12865 or gene_313 or gene_10589 or gene_12063
rxn09459_c0	0.002518732359613394	Palmitoyl-CoA desaturase (n-C16:0CoA -> n-C16:1CoA)_c0	NADPH + O2 + H+ + Palmitoyl-CoA_c0 --> 2 H2O + NADP + Hexadecenoyl-CoA_c0	gene_1461
rxn09438_c0	0.002370571632577308	fatty-acyl-CoA synthase (n-C12:0CoA)_c0	2 NADPH + 3 H+ + Malonyl-CoA_c0 + Decanoyl-CoA_c0 --> H2O + 2 NADP + CoA + CO2 + Lauroyl-CoA_c0	gene_10612 or gene_12865 or gene_313 or gene_10589 or gene_12063
rxn30425_m0	0.0022793958005551413	phosphatidylserine decarboxylase, yeast-specific, mitochondrial_m0	H+ + 0.01 ps_BS_m0 --> CO2 + 0.01 psetha_BS_m0	gene_3762
rxn00239_c0	0.002217852113940108	ATP:GMP phosphotransferase_c0	ATP + GMP_c0 <=> ADP + GDP	gene_2010
rxn00690_c0	0.002154029031525385	Formate:tetrahydrofolate ligase (ADP-forming)_c0	ATP + Formate_c0 + Tetrahydrofolate_c0 --> ADP + Phosphate + 10-Formyltetrahydrofolate_c0	gene_5937
rxn00686_c0	0.0021471908441229384	5,6,7,8-tetrahydrofolate:NADP+ oxidoreductase_c0	NADPH + H+ + Dihydrofolate_c0 --> NADP + Tetrahydrofolate_c0	gene_10181
rxn03841_c0	0.001823516640444109	4-amino-4-deoxychorismate pyruvate-lyase_c0	ADC_c0 --> Pyruvate + H+ + ABEE_c0	gene_11538 or gene_8973 or gene_4521
rxn01257_c0	0.0018235166404441088	chorismate:L-glutamine aminotransferase_c0	L-Glutamine + Chorismate_c0 --> L-Glutamate + ADC_c0	gene_12834
rxn02200_m0	0.0018235166404441088	2-amino-4-hydroxy-6-hydroxymethyl-7,8-dihydropteridine:4-aminobenzoate 2-amino-4-hydroxydihydropteridine-6-methenyltransferase_m0	ABEE_m0 + 6-hydroxymethyl dihydropterin_m0 --> H2O + Dihydropteroate_m0	gene_2704
rxn09768_c0	-0.0018235166404441088	Dihydropteroate mitochondrial transport via diffusion_m0	Dihydropteroate_c0 <=> Dihydropteroate_m0	
4ABZtm_c0	0.0018235166404441088	4-Aminobenzoate mitochondrial transport via diffusion_m0	ABEE_c0 <=> ABEE_m0	
GCALDtm_c0	-0.0018235166404441086	RXN0-1683.ce.maizeexp.GLYCOLALDEHYDE_GLYCOLALDEHYDE_m0	Glycolaldehyde_c0 <=> Glycolaldehyde_m0	
rxn02504_m0	0.0018235166404441086	2-amino-4-hydroxy-6-(D-erythro-1,2,3-trihydroxypropyl)-7,8-dihydropteridine glycolaldehyde-lyase_m0	Dihydroneopterin_m0 --> H+ + Glycolaldehyde_m0 + 6-hydroxymethyl dihydropterin_m0	gene_2704
rxn00299_c0	0.0018235166404441086	GTP 7,8-8,9-dihydrolase_c0	H2O + GTP --> Formate_c0 + H+ + 7,8-Dihydroneopterin 3'-triphosphate_c0	gene_953
rxn01603_c0	0.0018235166404441084	7,8-dihydropteroate:L-glutamate ligase (ADP-forming)_c0	ATP + L-Glutamate + Dihydropteroate_c0 --> ADP + Phosphate + H+ + Dihydrofolate_c0	gene_7878
rxn09769_c0	0.0018235166404441084	dhnpt mitochondrial transport_m0	Dihydroneopterin_c0 <=> Dihydroneopterin_m0	
rxn03167_c0	0.0018235166404441084	2-Amino-4-hydroxy-6-(erythro-1,2,3-trihydroxypropyl) dihydropteridine triphosphate phosphohydrolase (alkaline optimum)_c0	3 H2O + 7,8-Dihydroneopterin 3'-triphosphate_c0 --> 3 Phosphate + 2 H+ + Dihydroneopterin_c0	gene_892 or gene_5844 or gene_7754 or gene_6175 or gene_11412
GLXtp_c0	-0.0016252092057933703	glyoxylate transport, peroxisomal_x0	Glyoxalate_c0 <=> Glyoxalate	
rxn00272_c0	0.0016252092057933703	L-Alanine:glyoxylate aminotransferase_c0	L-Alanine + Glyoxalate_c0 --> Pyruvate + Glycine_c0	gene_10565
rxn09435_c0	0.0014816072703608154	fatty-acyl-CoA synthase (n-C14:0CoA)_c0	2 NADPH + 3 H+ + Malonyl-CoA_c0 + Lauroyl-CoA_c0 --> H2O + 2 NADP + CoA + CO2 + Myristoyl-CoA_c0	gene_10612 or gene_12865 or gene_313 or gene_10589 or gene_12063
rxn02322_c0	0.0013676374803330848	ATP:(R)-5-phosphomevalonate phosphotransferase_c0	ATP + 5-phosphomevalonate_c0 --> ADP + 5-diphosphomevalonate_c0	gene_9490
rxn00829_c0	0.0013676374803330848	ATP:(R)-5-diphosphomevalonate carboxy-lyase (adding ATP; isopentenyl-diphosphate-forming)_c0	ATP + 5-diphosphomevalonate_c0 <=> ADP + Phosphate + CO2 + Isopentenyldiphosphate_c0	gene_10621
rxn01454_c0	-0.0013676374803330848	acetyl-CoA:acetoacetyl-CoA C-acetyltransferase (thioester-hydrolysing, carboxymethyl-forming)_c0	CoA + H+ + HMG-CoA_c0 <=> H2O + Acetyl-CoA + Acetoacetyl-CoA_c0	gene_3587 or gene_7585
rxn00178_c0	0.0013676374803330848	Acetyl-CoA:acetyl-CoA C-acetyltransferase_c0	2 Acetyl-CoA --> CoA + Acetoacetyl-CoA_c0	gene_9875
rxn01607_c0	0.0013676374803330846	ATP:(R)-mevalonate 5-phosphotransferase_c0	ATP + Mevalonic acid_c0 --> ADP + H+ + 5-phosphomevalonate_c0	gene_1800
rxn01501_c0	-0.0013676374803330846	(R)-Mevalonate:NADP+ oxidoreductase (CoA acylating)_c0	2 NADP + CoA + Mevalonic acid_c0 <=> 2 NADPH + 2 H+ + HMG-CoA_c0	gene_3103
rxn09457_c0	0.0013334465433247373	Oleoyl-CoA desaturase (n-C18:1CoA -> n-C18:2CoA)_c0	NADPH + O2 + H+ + Octadecenoyl-CoA_c0 --> 2 H2O + NADP + Octadecynoyl-CoA_c0	
rxn09535_c0	0.001139697900277571	Phosphatidyl-N-methylethanolamine N-methyltransferase, yeast-specific_c0	S-Adenosyl-L-methionine_c0 + 0.01 Phosphatidyl-N-dimethylethanolamine_c0 --> S-Adenosyl-homocysteine_c0 + H+ + 0.01 Lecithin_c0	gene_9731
PETOHM_SC_c0	0.001139697900277571	Phosphatidylethanolamine N methyltransferase  yeast specific	S-Adenosyl-L-methionine_c0 + 0.01 psetha_BS_c0 --> S-Adenosyl-homocysteine_c0 + H+ + 0.01 Phosphatidyl-N-methylethanolamine_c0	gene_4508
rxn09491_c0	0.001139697900277571	triglycerol synthesis_c0	0.27 Palmitoyl-CoA_c0 + 0.05 strcoa_c0 + 0.06 Lauroyl-CoA_c0 + 0.1 Myristoyl-CoA_c0 + 0.02 Decanoyl-CoA_c0 + 0.01 1,2-Diacylglycerol, yeast-specific_c0 + 0.17 Hexadecenoyl-CoA_c0 + 0.09 Octadecynoyl-CoA_c0 + 0.24 Octadecenoyl-CoA_c0 --> CoA + 0.01 Triglyceride_c0	gene_7067 or gene_4118 or gene_2907
rxn09545_c0	0.001139697900277571	methylene-fatty-acyl-phospholipid synthase, yeast-specific_c0	S-Adenosyl-L-methionine_c0 + 0.01 Phosphatidyl-N-methylethanolamine_c0 --> S-Adenosyl-homocysteine_c0 + H+ + 0.01 Phosphatidyl-N-dimethylethanolamine_c0	gene_9731
rxn02484_c0	0.0009345522782276068	ATP:4-amino-5-hydroxymethyl-2-methylpyrimidine 5-phosphotransferase_c0	ATP + Toxopyrimidine_c0 --> ADP + H+ + 4-Amino-5-phosphomethyl-2-methylpyrimidine_c0	gene_6295
rxn09633_c0	0.0009345522782276067	4-amino-5-hydroxymethyl-2-methylpyrimidine synthetase_c0	2 H+ + AIR_c0 --> Phosphate + Glycolaldehyde_c0 + Toxopyrimidine_c0	
rxn40428_c0	-0.0009117583202220568	  NMT1 protein [THI5]	Pyridoxal phosphate_c0 + L-Histidine_c0 <=> 4-Amino-5-phosphomethyl-2-methylpyrimidine_c0	gene_7550
rxn02277_m0	0.0009117583202220568	7,8-Diaminononanoate:carbon-dioxide cyclo-ligase_c0	ATP + CO2 + 7-8-Diaminononanoate_c0 <=> ADP + Phosphate + 3 H+ + Dethiobiotin_c0	gene_10620
rxn09531_c0	0.0009117583202220567	biotin synthase_c0	S_c0 + Dethiobiotin_c0 <=> 2 H+ + BIOT_c0	gene_6484
rxn02297_c0	0.0009117583202220564	6-Carboxyhexanoyl-CoA:L-alanine C-carboxyhexanoyltransferase (decarboxylating)_c0	L-Alanine + H+ + Pimeloyl-CoA_c0 --> CoA + CO2 + 8-Amino-7-oxononanoate_c0	gene_10991
rxn02312_m0	0.0009117583202220562	S-Adenosyl-L-methionine:8-amino-7-oxononanoate aminotransferase_c0	S-Adenosyl-L-methionine_c0 + 8-Amino-7-oxononanoate_c0 <=> 7-8-Diaminononanoate_c0 + S-Adenosyl-4-methylthio-2-oxobutanoate_c0	gene_10620
SK_cpd02701_c0	0.0009117583202220562	Sink for S-Adenosyl-4-methylthio-2-oxobutanoate_c0	S-Adenosyl-4-methylthio-2-oxobutanoate_c0 --> 	
rxn13149_c0	0.0009117583202220562	Hypothetical enzyme_c0	2 H2O + 2 H+ + 3 Malonyl-CoA_c0 --> 2 O2 + 2 CoA + 2 CO2 + Pimeloyl-CoA_c0	
rxn00953_c0	0.000797788530194811	L-Serine hydro-lyase (adding homocysteine)_c0	L-Serine_c0 + Homocysteine_c0 --> H2O + Cystathionine_c0	gene_12685
rxn05236_c0	0.0006838187401665424	2'-Deoxyuridine 5'-triphosphate:oxydized-thioredoxin 2'-oxidoreductase_c0	UTP + trdrd --> H2O + dUTP_c0 + trdox	gene_47 or gene_9547 or gene_2076 or gene_10209
rxn01678_c0	-0.0006838187401665424	ATP:dUDP phosphotransferase_c0	ATP + dUDP_c0 <=> ADP + dUTP_c0	gene_12313
rxn01517_c0	-0.0006838187401665424	ATP:dUMP phosphotransferase_c0	ATP + dUMP_c0 <=> ADP + dUDP_c0	gene_10931 or gene_10389
rxn00830_c0	0.0004330852021054768	Isopentenyl-diphosphate delta3-delta2-isomerase_c0	Isopentenyldiphosphate_c0 <=> DMAPP_c0	gene_619
rxn01466_c0	0.00043308520210547677	Geranyl-diphosphate:isopentenyl-diphosphate geranyltrans-transferase_c0	Isopentenyldiphosphate_c0 + Geranyldiphosphate_c0 --> PPi + Farnesyldiphosphate_c0	gene_2662 or gene_367
rxn01213_c0	0.00043308520210547677	GPPSYN-RXN_c0	Isopentenyldiphosphate_c0 + DMAPP_c0 --> PPi + Geranyldiphosphate_c0	gene_2662
rxn00599_m0	0.0003647033280888228	succinyl-CoA:glycine C-succinyltransferase (decarboxylating)_m0	Glycine_m0 + H+ + Succinyl-CoA --> CoA + CO2 + 5-Aminolevulinate_m0	gene_2512
rxn00285_m0	0.0003647033280888228	Succinate:CoA ligase (ADP-forming)_m0	ATP + CoA + Succinate <=> ADP + Phosphate + Succinyl-CoA	gene_11823 or gene_11965 or gene_12874
rxn09790_c0	-0.00036470332808882273	5-Aminolevulinate mitochondrial transport_m0	5-Aminolevulinate_c0 <=> 5-Aminolevulinate_m0	
rxn05582_c0	0.00036470332808780326	TRANS-RXNBWI-115637.ce.maizeexp.GLY_GLY_m0	Glycine_c0 + H+ <=> Glycine_m0 + H+	
rxn01217_c0	-0.00036014453648771245	dCMP aminohydrolase_c0	H2O + H+ + dCMP_c0 <=> NH3 + dUMP_c0	gene_5452
rxn01509_c0	-0.00036014453648771245	ATP:dGMP phosphotransferase_c0	ATP + dGMP_c0 <=> ADP + dGDP_c0	gene_2010
rxn05233_c0	0.0003601445364877124	2'-Deoxyguanosine 5'-diphosphate:oxidized-thioredoxin 2'-oxidoreductase_c0	GDP + trdrd --> H2O + dGDP_c0 + trdox	gene_47 or gene_2076 or gene_9237
rxn05231_c0	0.00032367420367883013	2'-Deoxyadenosine 5'-diphosphate:oxidized-thioredoxin 2'-oxidoreductase_c0	ADP + trdrd --> H2O + dADP_c0 + trdox	gene_47 or gene_2076 or gene_9237
rxn01520_c0	0.00032367420367883013	5,10-Methylenetetrahydrofolate:dUMP C-methyltransferase_c0	5-10-Methylenetetrahydrofolate_c0 + dUMP_c0 --> dTMP_c0 + Dihydrofolate_c0	gene_7654
rxn01127_c0	-0.00032367420367883013	ATP:dAMP phosphotransferase_c0	ATP + dAMP_c0 <=> ADP + dADP_c0	gene_1190 or gene_8746
rxn05093_c0	-0.00022793958005551417	sulfur:oxygen oxidoreductase (hydrogen-sulfide- and sulfite-forming)_c0	4 H2O + O2 + 4 S_c0 <-- 4 H+ + 2 Sulfite_c0 + 2 H2S_c0	
rxn09625_c0	0.00019374864304718702	C-3 sterol dehydrogenase (zymosterol)_c0	NAD + zymosterol intermediate 1_c0 --> NADH + CO2 + H+ + zymosterol intermediate 2_c0	gene_8865
rxn09623_c0	0.00019374864304718702	3-keto-steroid reductase_c0	NADPH + H+ + zymosterol intermediate 2_c0 --> NADP + Zymosterol_c0	gene_4814
rxn09639_c0	0.000193748643047187	squalene endoplamic reticular transport_g0	Supraene_c0 <=> Supraene_r0	
rxn02063_r0	0.000193748643047187	squalene,NADPH:oxygen oxidoreductase (2,3-epoxidizing)_r0	NADPH_r0 + O2_r0 + H+_r0 + Supraene_r0 --> H2O_r0 + NADP_r0 + Squalene 2,3-oxide_r0	gene_5143 or gene_3496
rxn09640_c0	0.000193748643047187	Squalene-2,3-epoxide endoplamic reticular transport_g0	Squalene 2,3-oxide_r0 <=> Squalene 2,3-oxide_c0	
rxn09621_c0	0.000193748643047187	C-4 sterol methyl oxidase (4-methylzymosterol)_c0	3 NADPH + 3 O2 + 3 H+ + 4-methylzymosterol_c0 --> 4 H2O + 3 NADP + zymosterol intermediate 1_c0	gene_12719 or gene_1482
rxn09626_c0	0.000193748643047187	C-3 sterol dehydrogenase (4-methylzymosterol)_c0	NAD + intermediate-methylzymosterol-I_c0 --> NADH + CO2 + H+ + intermediate-methylzymosterol-II_c0	gene_8865
O2ter_c0	0.000193748643047187	TRANS-RXNAVI-26568.ce_g0	O2 <=> O2_r0	
rxn12916_c0	0.000193748643047187	3-keto-steroid reductase_c0	NADPH + H+ + intermediate-methylzymosterol-II_c0 --> NADP + 4-methylzymosterol_c0	gene_4814
C14STR_c0	0.00019374864304718694	C 14 sterol reductase	NADPH + H+ + 4,4-dimethylcholesta-8,14,24-trienol_c0 --> 4 4 dimethylzymosterol C29H48O + NADP	gene_7936
rxn04147_c0	0.00019374864304718694	squalene synthase_c0	NADPH + H+ + 2 Farnesyldiphosphate_c0 --> NADP + 2 PPi + Supraene_c0	gene_6706
C4STMO1_c0	0.00019374864304718694	C 4 sterol methyl oxidase  4 4 dimethylzymosterol 	4 4 dimethylzymosterol C29H48O + 3 NADPH + 3 O2 + 3 H+ --> 4 H2O + 3 NADP + intermediate-methylzymosterol-I_c0	gene_12719
rxn13341_c0	0.0001937486430471869	cytochrome P450 lanosterol 14-alpha-demethylase (NAD)_c0	3 NADH + 3 O2 + 2 H+ + Lanosterol_c0 --> 4 H2O + 3 NAD + Formate_c0 + 4,4-dimethylcholesta-8,14,24-trienol_c0	gene_12185 or gene_10554 or gene_4061 or gene_7797 or gene_2828
rxn02290_c0	0.0001937486430471869	(S)-2,3-Epoxysqualene mutase (cyclizing, lanosterol-forming)_c0	Squalene 2,3-oxide_c0 --> Lanosterol_c0	gene_8185
rxn00029_c0	0.00018235166404441134	5-aminolevulinate hydro-lyase (adding 5-aminolevulinate and cyclizing; porphobilinogen-forming)_c0	2 5-Aminolevulinate_c0 --> 2 H2O + H+ + Porphobilinogen_c0	gene_6560
rxn02609_c0	-0.00011396979002775713	R03672	H+ + cpd00291_c0 + cpd01169_c0 <-- cpd00612_c0 + cpd03330_c0	
rxn11972_c0	0.00011396979002775713	R02962	cpd00612_c0 --> cpd03330_c0	
rxn00036_c0	0.00011396979002775713	3,4-dihydroxy-L-phenylalanine:oxygen oxidoreductase	O2 + 2.0 cpd00291_c0 --> 2.0 H2O + 2.0 cpd00612_c0	gene_744 or gene_7359 or gene_9611 or gene_12715 or gene_6198 or gene_7087 or gene_2759 or gene_6887 or gene_2487 or gene_6642 or gene_1985 or gene_4687 or gene_4355 or gene_2006 or gene_3783
rxn02611_c0	0.00011396979002775711	R03674	H+ + cpd01169_c0 --> CO2 + cpd03308_c0	
rxn06809_c0	0.0001139697900277571	rxn06809	O2 + cpd03309_c0 --> H2O + cpd12744_c0	
rxn09784_c0	6.838187401665429e-05	TRANS-RXNBWI-115551.cm_m0	S-Adenosyl-L-methionine_c0 <=> S-Adenosyl-L-methionine_m0	gene_8015
rxn05040_c0	6.838187401665427e-05	D-ribulose 5-phosphate formate-lyase (L-3,4-dihydroxybutan-2-one 4-phosphate-forming)_c0	D-Ribulose5-phosphate --> Formate_c0 + H+ + 3-4-dihydroxy-2-butanone4-phosphate_c0	gene_12503
rxn09785_c0	-6.838187401665427e-05	Transport of S-adenosyl-L-homocysteine, mitochondrial_m0	S-Adenosyl-homocysteine_c0 <=> S-Adenosyl-homocysteine_m0	
rxn30056_c0	6.838187401665425e-05	riboflavin synthase_c0	3-4-dihydroxy-2-butanone4-phosphate_c0 + 4-(1-D-Ribitylamino)-5-aminouracil_c0 --> 2 H2O + Phosphate + 6-7-Dimethyl-8--1-D-ribityllumazine_c0	gene_9556
rxn15115_c0	-5.6984895014264005e-05	D-Ribose 1,5-phosphomutase_c0	Ribose 1-phosphate <=> alpha-D-Ribose 5-phosphate	gene_895
rxn03337_c0	5.698489501387856e-05	5,6-dihydroxyindole:oxygen oxidoreductase	O2 + 2.0 cpd03308_c0 --> 2.0 H2O + 2.0 cpd03309_c0	gene_744 or gene_7359 or gene_9611 or gene_12715 or gene_6198 or gene_7087 or gene_2759 or gene_6887 or gene_2487 or gene_6642 or gene_1985 or gene_4687 or gene_4355 or gene_2006 or gene_3783
rxn00024_c0	5.698489501387856e-05	1,2-Benzenediol:oxygen oxidoreductase	O2 + 2.0 L-Tyrosine_c0 --> 2.0 cpd00291_c0	gene_744 or gene_7359 or gene_9611 or gene_12715 or gene_6198 or gene_7087 or gene_2759 or gene_6887 or gene_2487 or gene_6642 or gene_1985 or gene_4687 or gene_4355 or gene_2006 or gene_3783
rxn02155_c0	4.558791601157931e-05	ATP:nicotinamide-nucleotide adenylyltransferase_c0	ATP + H+ + Nicotinate ribonucleotide_c0 --> PPi + Deamido-NAD_c0	gene_1340
rxn09522_m0	4.558791601157931e-05	sn-Glycerol-3-phosphate:(acceptor) 2-oxidoreductase; (succinate dehydrogenase (ubiquinone-6), mitochondrial)	FADH2 + Ubiquinone-6 <=> FAD + Ubiquinol-6	gene_10255 or gene_9266 or gene_7897
rxn20661_c0	4.558791601157931e-05	quinolinate synthase_c0	Glycerone-phosphate + Iminoaspartate_c0 --> 2 H2O + Phosphate + Quinolinate_c0	
rxn02402_c0	4.558791601157931e-05	Nicotinate-nucleotide:pyrophosphate phosphoribosyltransferase (carboxylating)_c0	2 H+ + PRPP_c0 + Quinolinate_c0 --> CO2 + PPi + Nicotinate ribonucleotide_c0	gene_7923
rxn00138_c0	4.558791601157931e-05	deamido-NAD+:ammonia ligase (AMP-forming)_c0	ATP + NH3 + Deamido-NAD_c0 --> NAD + PPi + AMP + H+	gene_9483
ASPOcm_c0	4.558791601157931e-05	Aspartate oxidase	FAD + L-Aspartate --> H+ + FADH2 + Iminoaspartate_c0	
rxn08475_c0	4.558791601110285e-05	iron (II) transport via diffusion (extracellular to periplasm)_c0	Fe2+_e0 --> Fe2+	
EX_cpd10515_e0	-4.558791601110284e-05	Exchange for Fe2+_e0	Fe2+_e0 <=> 	
rxn02264_c0	4.558791601110284e-05	Hydroxymethylbilane hydro-lyase(cyclizing)_c0	Hydroxymethylbilane_c0 --> H2O + UroporphyrinogenIII_c0	gene_2500
rxn00060_c0	4.5587916011102835e-05	porphobilinogen:(4-[2-carboxyethyl]-3-[carboxymethyl]pyrrol-2-yl)methyltransferase (hydrolysing)_c0	H2O + 4 Porphobilinogen_c0 --> 4 NH3 + Hydroxymethylbilane_c0	gene_4370
rxn09728_c0	-3.419093700885594e-05	pantothenate mitochondrial transport_m0	Pantoate_c0 <=> Pantoate_m0	
rxn09806_c0	3.419093700885594e-05	2-Dehydropantoate mitochondrial transport_m0	2-Dehydropantoate_c0 <=> 2-Dehydropantoate_m0	
rxn05104_c0	3.4190937008628954e-05	S-methyl-5-thio-D-ribulose-1-phosphate hydro-lyase_c0	methylthioribulose-1-phosphate_c0 --> H2O + 2,3-diketo5-methylthio-1-phosphopentane_c0	gene_1703
rxn05108_c0	3.4190937008628954e-05	R07396_c0	L-Glutamate + 4-methylthio 2-oxobutyrate_c0 --> 2-Oxoglutarate + L-Methionine_c0	gene_12910
rxn00127_c0	3.4190937008628954e-05	S-adenosyl-L-methionine carboxy-lyase [(5-deoxy-5-adenosyl)(3-aminopropyl)methylsulfonium-forming]_c0	S-Adenosyl-L-methionine_c0 + H+ --> CO2 + S-Adenosylmethioninamine_c0	gene_10717
rxn00912_c0	3.4190937008628954e-05	5,10-Methylenetetrahydrofolate:3-methyl-2-oxobutanoate hydroxymethyltransferase_c0	H2O + 3-Methyl-2-oxobutanoate_c0 + 5-10-Methylenetetrahydrofolate_c0 --> Tetrahydrofolate_c0 + 2-Dehydropantoate_c0	gene_11759
rxn10075_c0	3.4190937008628954e-05	2,3-diketo-5-methylthio-1-phosphopentane degradation reaction_c0	3 H2O + 2,3-diketo5-methylthio-1-phosphopentane_c0 --> Phosphate + Formate_c0 + 6 H+ + 4-methylthio 2-oxobutyrate_c0	gene_7944 or gene_385
rxn30037_c0	3.419093700862895e-05	5-methylthioribose-1-phosphate isomerase_c0	5-Methylthio-5-deoxy-D-ribose 1-phosphate_c0 <=> methylthioribulose-1-phosphate_c0	gene_1276
rxn30079_c0	3.419093700862895e-05	5'-methylthioadenosine phosphorylase_c0	Phosphate + 5-Methylthioadenosine_c0 --> Adenine_c0 + 5-Methylthio-5-deoxy-D-ribose 1-phosphate_c0	gene_12740
rxn22781_c0	3.419093700862895e-05	RXN-12332.x_c0	H2O + NAD + 3-Aminopropanal_c0 --> NADH + 2 H+ + beta-Alanine_c0	gene_12607 or gene_3583 or gene_7676
rxn01790_m0	3.419093700862894e-05	(R)-Pantoate:NADP+ 2-oxidoreductase_m0	NADPH + H+ + 2-Dehydropantoate_m0 --> NADP + Pantoate_m0	gene_11182 or gene_12725
rxn01791_c0	3.419093700862894e-05	(R)-Pantoate:beta-alanine ligase (AMP-forming)_c0	ATP + beta-Alanine_c0 + Pantoate_c0 --> PPi + AMP + H+ + PAN_c0	gene_3724
rxn02061_c0	3.419093700854047e-05	S-adenosylmethioninamine:spermidine 3-aminopropyltransferase_c0	Spermidine_c0 + S-Adenosylmethioninamine_c0 --> H+ + 5-Methylthioadenosine_c0 + Spermine_c0	gene_7762
rxn13388_c0	3.419093700854047e-05	spermidine:oxygen oxidoreductase (spermidine-forming)_c0	H2O + O2 + Spermine_c0 --> H2O2 + Spermidine_c0 + 3-Aminopropanal_c0	
rxn01138_c0	-3.419093700837587e-05	Adenosine:phosphate alpha-D-ribosyltransferase_c0	Phosphate + Adenosine <=> Adenine_c0 + Ribose 1-phosphate	
rxn30057_c0	3.419093700832713e-05	riboflavin synthase_c0	2 6-7-Dimethyl-8--1-D-ribityllumazine_c0 --> Riboflavin_c0 + 4-(1-D-Ribitylamino)-5-aminouracil_c0	gene_6102
rxn10506_c0	3.4190937008327126e-05	2,5-diamino-6-ribitylamino-4(3H)-pyrimidinone 5'-phosphate deaminase_c0	H2O + H+ + 2,5-diamino-6-ribitylamino-4(3H)-pyrimidinone 5'-phosphate_c0 --> NH3 + 5-Amino-6--5-phosphoribitylaminouracil_c0	
rxn30054_c0	3.4190937008327126e-05	pyrimidine phosphatase_c0	H2O + 5-Amino-6--5-phosphoribitylaminouracil_c0 --> Phosphate + 4-(1-D-Ribitylamino)-5-aminouracil_c0	
rxn10505_c0	3.4190937008327126e-05	2,5-diamino-6-(5-phospho-D-ribitylamino)pyrimidin-4(3H)-one:NADP+ 1'-oxidoreductase_c0	NADPH + H+ + 2,5-Diamino-6-(5'-phosphoribosylamino)-4-pyrimidineone_c0 --> NADP + 2,5-diamino-6-ribitylamino-4(3H)-pyrimidinone 5'-phosphate_c0	gene_11066
rxn00300_c0	3.419093700832712e-05	GTP 7,8-8,9-dihydrolase (diphosphate-forming)_c0	3 H2O + GTP --> PPi + Formate_c0 + 2 H+ + 2,5-Diamino-6-(5'-phosphoribosylamino)-4-pyrimidineone_c0	gene_1783
rxn00078_c0	2.279395800593833e-05	NADH kinase	ATP + NADH <=> NADPH + ADP + H+	gene_3929 or gene_10811 or gene_12936 or gene_2929 or gene_3559
rxn12510_c0	2.2793958005853242e-05	ATP:pantothenate 4'-phosphotransferase_c0	ATP + PAN_c0 --> ADP + H+ + 4-phosphopantothenate_c0	gene_1066
rxn02175_c0	2.2793958005853242e-05	ATP:pantetheine-4'-phosphate adenylyltransferase_c0	ATP + H+ + Phosphopantetheine_c0 --> PPi + Dephospho-CoA_c0	
rxn09177_c0	2.279395800585324e-05	(R)-4'-Phosphopantothenate:L-cysteine ligase_c0	CTP_c0 + L-Cysteine_c0 + 4-phosphopantothenate_c0 --> PPi + CMP_c0 + H+ + (R)-4'-Phosphopantothenoyl-L-cysteine_c0	
rxn02341_c0	2.279395800585324e-05	N-[(R)-4'-Phosphopantothenoyl]-L-cysteine carboxy-lyase_c0	H+ + (R)-4'-Phosphopantothenoyl-L-cysteine_c0 --> CO2 + Phosphopantetheine_c0	gene_9328
rxn00100_c0	2.279395800585324e-05	ATP:dephospho-CoA 3'-phosphotransferase_c0	ATP + Dephospho-CoA_c0 --> ADP + CoA + H+	gene_13023
rxn00105_c0	2.27939580056399e-05	ATP:nicotinamide-nucleotide adenylyltransferase_c0	ATP + H+ + Nicotinamide ribonucleotide_c0 --> NAD + PPi	gene_1340
rxn01671_c0	2.27939580056399e-05	ATP:N-ribosylnicotinamide 5'-phosphotransferase_c0	ATP + N-Ribosylnicotinamide_c0 --> ADP + H+ + Nicotinamide ribonucleotide_c0	gene_5936
rxn01646_c0	-2.27939580056399e-05	N-Ribosylnicotinamide:orthophosphate ribosyltransferase_c0	Phosphate + N-Ribosylnicotinamide_c0 <=> H+ + Nicotinamide_c0 + Ribose 1-phosphate	
rxn27029_c0	2.279395800563989e-05	 [RXNQT-4300.c]	NAD + Glycine_c0 + L-Cysteine_c0 --> 3.0 H2O + L-Alanine + Nicotinamide_c0 + 	gene_168
rxn23042_c0	2.279395800563989e-05	 thiamine-phosphate diphosphorylase (thiamine phosphate synthase)	2.0 H+ + 4-Amino-2-methyl-5-diphosphomethylpyrimidine_c0 +  --> CO2 + PPi + Thiamine phosphate_c0	gene_2821
rxn40448_c0	2.279395800563989e-05	NUDIX 	H2O +  <=> AMP + 2.0 H+ + 	
rxn05287_c0	2.279395800555143e-05	geranylgeranyl-diphosphate:isopentenyl-diphosphate transtransferase_c0	Isopentenyldiphosphate_c0 + Geranylgeranyl diphosphate_c0 --> PPi + pendp_c0	
rxn03892_m0	2.279395800555143e-05	R05613_m0	Isopentenyldiphosphate_m0 + pendp_m0 --> PPi + all-trans-Hexaprenyl diphosphate_m0	gene_11727
rxn01486_c0	2.279395800555143e-05	trans,trans-Farnesyl-diphosphate:isopentenyl-diphosphate farnesyltranstransferase_c0	Isopentenyldiphosphate_c0 + Farnesyldiphosphate_c0 --> PPi + Geranylgeranyl diphosphate_c0	gene_367
rxn13376_c0	2.279395800555143e-05	all-trans-Pentaprenyl diphosphate transport, mitochondrial_m0	pendp_c0 <=> pendp_m0	
rxn00966_c0	2.2793958005551428e-05	chorismate pyruvate-lyase (4-hydroxybenzoate-forming)_c0	Chorismate_c0 --> Pyruvate + 4-Hydroxybenzoate_c0	
rxn09792_c0	2.2793958005551428e-05	4-Hydroxybenzoate mitochondrial transport_m0	4-Hydroxybenzoate_c0 <=> 4-Hydroxybenzoate_m0	
rxn13332_c0	2.2793958005551428e-05	Isopentenyl diphosphate transport, mitochondrial_m0	Isopentenyldiphosphate_c0 <=> Isopentenyldiphosphate_m0	
rxn03392_m0	2.2793958005551428e-05	2-hexaprenyl-3-methyl-6-methoxy-1,4-benzoquinone monooxygenase, mitochondrial_m0	NADPH + O2 + 2-Hexaprenyl-3-methyl-6-methoxy-1,4-benzoquinone_m0 --> H2O + NADP + 2-Hexaprenyl-3-methyl-5-hydroxy-6-methoxy-1,4-benzoquinone_m0	
rxn13186_m0	2.2793958005551424e-05	S-adenosyl-L-methionine:2-hexaprenyl-3-methyl-5-hydroxy-6-methoxy-1,4-benzoquinone 3-O-methyltransferase_m0	S-Adenosyl-L-methionine_m0 + 2-Hexaprenyl-3-methyl-5-hydroxy-6-methoxy-1,4-benzoquinone_m0 --> S-Adenosyl-homocysteine_m0 + H+ + Ubiquinone-6	gene_3869 or gene_12639 or gene_11580 or gene_11038 or gene_9719 or gene_2152 or gene_12934
rxn02287_c0	2.2793958005551424e-05	S-adenosyl-L-methionine:uroporphyrin-III C-methyltransferase_c0	2 S-Adenosyl-L-methionine_c0 + UroporphyrinogenIII_c0 --> 2 S-Adenosyl-homocysteine_c0 + H+ + Precorrin 2_c0	gene_5126
rxn03391_m0	2.2793958005551424e-05	R04983_m0	S-Adenosyl-L-methionine_m0 + 2-Hexaprenyl-6-methoxy-1,4-benzoquinone_m0 --> S-Adenosyl-homocysteine_m0 + H+ + 2-Hexaprenyl-3-methyl-6-methoxy-1,4-benzoquinone_m0	gene_3869 or gene_12639 or gene_11580 or gene_11038 or gene_9719 or gene_2152 or gene_12934
3OPHB_5tm_c0	-2.2793958005551424e-05	3 Octaprenyl 4 hydroxybenzoate mitochondrial transport	3 Hexaprenyl 4 hydroxybenzoate C37H53O3 <=> 3 Hexaprenyl 4 hydroxybenzoate C37H53O3	
rxn00392_c0	2.2793958005551424e-05	ATP:riboflavin 5'-phosphotransferase_c0	ATP + Riboflavin_c0 --> ADP + FMN_c0 + H+	gene_1087
rxn13199_c0	2.2793958005551424e-05	3-Hexaprenyl-4,5-dihydroxybenzoate transport, mitochondrial_m0	3-Hexaprenyl-4,5-dihydroxybenzoate_c0 <=> 3-Hexaprenyl-4,5-dihydroxybenzoate_m0	
rxn03224_m0	2.2793958005551424e-05	S-adenosyl-L-methionine:3-hexaprenyl-4,5-dihydroxylate O-methyltransferase_m0	S-Adenosyl-L-methionine_m0 + 3-Hexaprenyl-4,5-dihydroxybenzoate_m0 --> S-Adenosyl-homocysteine_m0 + H+ + 3-Hexaprenyl-4-hydroxy-5-methoxybenzoate_m0	gene_3869 or gene_12639 or gene_11580 or gene_11038 or gene_9719 or gene_2152 or gene_12934
rxn00122_c0	2.2793958005551424e-05	ATP:FMN adenylyltransferase_c0	ATP + FMN_c0 + H+ --> PPi + FAD_c0	gene_12791
rxn02303_c0	2.2793958005551424e-05	Coproporphyrinogen:oxygen oxidoreductase(decarboxylating)_c0	O2 + 2 H+ + CoproporphyrinogenIII_c0 --> 2 H2O + 2 CO2 + ProtoporphyrinogenIX_c0	gene_9796
HBZOPT6m_m0	2.2793958005551424e-05	Hydroxybenzoate octaprenyltransferase  mitochondrial	4-Hydroxybenzoate_m0 + all-trans-Hexaprenyl diphosphate_m0 --> 3 Hexaprenyl 4 hydroxybenzoate C37H53O3 + PPi	gene_1089
rxn04680_m0	2.2793958005551424e-05	R06866_m0	3-Hexaprenyl-4-hydroxy-5-methoxybenzoate_m0 --> CO2 + 2-Hexaprenyl-6-methoxyphenol_m0	gene_11580
3OPHB5Hm_c0	2.2793958005551424e-05	3 Hexaprenyl 4 5 dihydroxybenzoate hydroxylase  mitochondrial	3 Hexaprenyl 4 hydroxybenzoate C37H53O3 + 0.5 O2 --> 3-Hexaprenyl-4,5-dihydroxybenzoate_c0	
rxn05120_m0	2.279395800555142e-05	protoheme IX farnesyltransferase_m0	H2O + Heme_m0 + Farnesyldiphosphate_m0 --> PPi + hemeO_m0	gene_5893
PEtm_SC_c0	-2.279395800555142e-05	Phosphatidylethanolamine mitochondrial transport  yeast specific	psetha_BS_c0 <=> psetha_BS_m0	
rxn13290_c0	2.279395800555142e-05	farnesyl diphosphate transport (mitochondrial)_m0	Farnesyldiphosphate_c0 <=> Farnesyldiphosphate_m0	
rxn00224_m0	2.279395800555142e-05	protoheme ferro-lyase (protoporphyrin-forming)_m0	Protoporphyrin_m0 + Fe2+_m0 --> Heme_m0 + 2 H+	gene_11350
rxn28987_c0	2.279395800555142e-05	sirohydrochlorin ferrochelatase_c0	Sirohydrochlorin_c0 + Fe2+ --> 3 H+ + Siroheme_c0	gene_1218
FE2utm_c0	2.279395800555142e-05	iron (II) transport via diffusion (extracellular to periplasm)_m0	Fe2+ --> Fe2+_m0	
rxn13395_c0	2.279395800555142e-05	sirohydrochlorin dehydrogenase_c0	NADP + Precorrin 2_c0 --> NADPH + H+ + Sirohydrochlorin_c0	gene_1218
rxn09721_c0	2.279395800555142e-05	protoporphyrinogen IX mitochondrial transport_m0	ProtoporphyrinogenIX_c0 <=> ProtoporphyrinogenIX_m0	
rxn03390_m0	2.279395800555142e-05	R04982_m0	O2 + 2-Hexaprenyl-6-methoxyphenol_m0 --> H2O + 2-Hexaprenyl-6-methoxy-1,4-benzoquinone_m0	gene_3869 or gene_12639 or gene_11580 or gene_11038 or gene_9719 or gene_2152 or gene_12934
rxn13311_m0	2.279395800555142e-05	Heme O monooxygenase, mitochondrial_m0	NADH + O2 + hemeO_m0 --> H2O + NAD + hemeA_m0	gene_12589 or gene_7612 or gene_353 or gene_5893
rxn02288_c0	2.279395800555142e-05	Uroporphyrinogen-III carboxy-lyase_c0	4 H+ + UroporphyrinogenIII_c0 --> 4 CO2 + CoproporphyrinogenIII_c0	gene_11836
rxn00438_c0	2.2793958005551417e-05	ATP:thiamin-phosphate phosphotransferase_c0	ATP + Thiamine phosphate_c0 <=> ADP + TPP	
rxn03108_c0	2.2793958005551414e-05	ATP:4-amino-2-methyl-5-phosphomethylpyrimidine phosphotransferase_c0	ATP + 4-Amino-5-phosphomethyl-2-methylpyrimidine_c0 --> ADP + 4-Amino-2-methyl-5-diphosphomethylpyrimidine_c0	gene_6295
PStm_SC_c0	2.2793958005551414e-05	Phosphatidylserine mitochondrial  transport  yeast specific	ps_BS_c0 <=> ps_BS_m0	
rxn03063_c0	2.279395800555141e-05	S-Adenosyl-L-methionine:zymosterol C-methyltransferase_c0	S-Adenosyl-L-methionine_c0 + Zymosterol_c0 --> S-Adenosyl-homocysteine_c0 + H+ + Fecosterol_c0	gene_9005 or gene_8534 or gene_5761
rxn07328_c0	2.2793958005551407e-05	R07497_c0	Fecosterol_c0 --> Episterol_c0	gene_4664
rxn02304_m0	1.1396979002775709e-05	protoporphyrinogen-IX:oxygen oxidoreductase_m0	3 O2 + 2 ProtoporphyrinogenIX_m0 --> 6 H2O + 2 Protoporphyrin_m0	gene_5504
ERGSTter_c0	1.1396979002775707e-05	ergosterol endoplasmic reticular transport_g0	Ergosterol_r0 <=> Ergosterol_c0	
rxn13234_c0	1.1396979002775705e-05	C-22 sterol desaturase (NAD)_c0	NADH + O2 + H+ + 5,7,24(28)-Ergostatrienol_c0 --> 2 H2O + NAD + 5,7,22,24(28)-Ergostatetraenol_c0	gene_12185 or gene_10554 or gene_5397
rxn03913_r0	1.1396979002775705e-05	ergosterol:NADP+ Delta24(24(1))-oxidoreductase_r0	NADPH_r0 + H+_r0 + 5,7,22,24(28)-Ergostatetraenol_r0 --> NADP_r0 + Ergosterol_r0	gene_646
rxn09645_c0	1.1396979002775705e-05	Ergosta-5,6,22,24,(28)-tetraen-3beta-ol endoplamic reticular transport_g0	5,7,22,24(28)-Ergostatetraenol_c0 <=> 5,7,22,24(28)-Ergostatetraenol_r0	
rxn12918_c0	1.1396979002775704e-05	RXN3O-218.c_c0	NADPH + O2 + H+ + Episterol_c0 --> 2 H2O + NADP + 5,7,24(28)-Ergostatrienol_c0	gene_7255 or gene_3606
